Product_ID,Product_Name,Sales,Category,Price,Region,Date
da0f7d54-03ba-40fa-bf13-d45d61ae0e6b,produce,51,Furniture,742.55,South,2024-05-06
6a42e48e-9715-45b3-ab62-e888c67eba6f,matter,113,Furniture,735.33,North,2024-08-24
abd02a05-0341-439d-b8f1-fd6fd518976a,himself,912,Groceries,452.38,West,2022-12-25
9ac86b0d-cee0-4270-bb9d-dcd70a85c496,him,390,Furniture,423.92,West,2024-04-23
0bb335ac-24e0-485d-aaf9-f4650e98c79b,like,887,Furniture,359.87,North,2022-04-18
3f843a1b-73aa-4a0a-b9e7-fba71ef31285,rock,571,Electronics,729.65,North,2022-12-25
34b16a05-f6b5-4342-b75b-d0712a3191f5,air,651,Clothing,530.95,East,2023-02-07
c66a83d2-0fc6-4ed3-93ca-80c6dec5983d,more,463,Groceries,182.55,West,2024-10-28
d022b713-1e1a-4c79-a589-bf4be5e52391,ever,274,Clothing,619.75,South,2025-03-04
18df3057-fc1b-453e-8611-2925200339ab,shake,758,Electronics,868.55,East,2023-03-27
4f74a326-fa5a-4a83-a41e-02c61fa88e9b,same,526,Groceries,179.8,West,2023-02-02
a92b8fee-396a-4146-8445-8b37cddf04bc,dinner,831,Electronics,63.23,South,2024-12-23
c031adb3-0e92-44c8-950c-3f8b2da18399,room,313,Groceries,926.31,West,2022-10-24
742c20e1-5b2a-402d-a331-9177b538711f,particularly,893,Clothing,283.4,North,2024-10-03
1c80da72-18e8-48b5-8f24-b0bd40c2f2fe,partner,42,Groceries,351.63,North,2024-05-19
2affd3bd-4638-48c9-b1b4-0fffde3aabd4,north,309,Furniture,630.11,South,2024-01-19
44f705ae-d184-4d64-8cc3-b21abd02d2cc,worker,870,Clothing,890.58,East,2023-03-18
33175dc1-ecb5-4cf2-a651-b5c2bc60c2a0,common,336,Groceries,984.87,North,2020-02-14
1e0aa6df-1a3c-4346-81a3-05049aca0482,attorney,799,Furniture,478.87,North,2022-11-04
f1953c67-4455-42e3-b240-360ef598ca10,owner,613,Groceries,438.68,West,2023-12-08
4ccbd0be-3e27-4891-816a-80f9637b376e,rich,682,Clothing,351.7,South,2024-10-19
58449fa9-3429-4e0e-825f-c7e3bc64c868,government,611,Clothing,51.63,South,2025-03-01
26b19ef4-3f8b-432a-b362-b765fce3afde,real,77,Furniture,722.39,North,2021-04-27
15033eb9-b85f-4ea8-b5fc-892ee6b1cbed,lawyer,830,Clothing,282.68,East,2020-04-04
84c6a4ce-8b79-44a0-ad45-9b5f475088b6,let,746,Furniture,437.77,South,2020-11-06
b610515c-8de7-412c-8350-3f4384d33ed9,art,886,Groceries,337.32,West,2024-09-04
3b6a86c4-bbf6-4e0f-a8df-52c1edad97d5,material,638,Clothing,232.43,South,2020-04-09
9062ea9c-4f32-4ba6-8807-b39c79232c38,car,75,Furniture,143.96,West,2022-05-11
bbfaf09e-00a0-4d3c-b1ec-b58e15325bd1,when,425,Clothing,173.19,North,2022-05-09
cae9162b-31ee-4b24-861d-701b5a0307db,any,294,Groceries,159.74,North,2020-05-07
ba1ffe4c-a881-4691-92f2-80ecc0db6310,reduce,15,Clothing,64.36,South,2022-10-13
8496be9a-818b-4a0e-b016-5bf82e6386e8,as,418,Electronics,699.94,West,2023-01-19
578d6db3-afcc-4784-968d-613ab508a8a7,either,461,Furniture,333.73,North,2024-03-30
c3ee05e8-63d9-47d7-afc4-dd0630cd04d9,always,423,Electronics,976.88,East,2022-04-11
ca6193bc-cabb-4e0a-ac31-ce0cfa9082e1,again,601,Groceries,143.96,North,2020-05-30
c26e3414-fb09-4b2d-a086-d3b71b163808,much,525,Clothing,856.98,South,2022-08-11
794fd694-04af-4ada-92fc-79e9791d3b67,before,662,Clothing,806.42,East,2020-09-06
669f2ea1-666a-4541-9aea-38aa33dc3229,plan,480,Electronics,960.77,West,2021-09-19
f8d0bbac-c42d-46a8-bc5f-f549da5fbda8,other,531,Electronics,726.91,West,2020-02-11
512e2dc7-6f82-4510-8f95-d1db9223c5be,risk,91,Furniture,42.79,North,2024-05-12
b146a3f3-9c4b-4863-900e-57bc06228733,artist,520,Electronics,847.08,North,2023-03-30
54e0d56e-6fe0-4bf9-9c9e-94827b0f1568,into,808,Clothing,358.56,West,2021-01-10
3449f5c5-3c24-42f5-99bb-0e4331d79e0f,local,504,Furniture,75.12,West,2024-06-25
5c095e8d-15c3-4552-8380-516f81d8ee86,set,834,Electronics,785.17,West,2020-03-23
8cec1605-c249-47b9-894d-b133ad693342,important,675,Clothing,394.09,North,2024-09-23
f3afdcf1-bbb9-4788-8245-876105838622,conference,287,Electronics,535.56,East,2021-12-09
c4957905-f38a-485b-8a06-0d9db8108f08,sound,254,Furniture,695.6,West,2024-12-01
6b367afb-ba86-4917-b18f-4fcafd9b97ba,technology,625,Groceries,9.43,West,2023-10-09
da360e59-10f0-4b09-abc0-ab168bfc9d9c,friend,597,Groceries,328.43,South,2023-03-08
e5a67ebc-9cdb-4923-ba8e-db00fdaf79c7,industry,832,Groceries,262.61,East,2020-07-18
0e8e2775-ac5a-4ac6-8654-f19aef8f9a44,necessary,342,Electronics,9.31,North,2022-03-19
bab7cd6d-8fc5-46b2-9a4b-65dd9cf1898a,Republican,590,Electronics,801.89,North,2025-04-10
4c8c2355-a2e3-4dce-9382-7e5f99461514,once,550,Electronics,562.42,North,2022-08-02
7ab3100b-660b-4460-a389-ad0c468a1abf,consider,24,Groceries,53.78,East,2024-02-24
8c9b495d-69ea-427a-9d62-1553671a4c59,whole,329,Clothing,862.47,North,2023-04-14
874247c7-5ecb-4796-b062-ccb8a325e430,people,871,Groceries,85.74,North,2024-01-03
cf0a6c10-3750-4d1b-a606-000290d81d66,suddenly,38,Electronics,418.26,South,2022-09-09
3bd49188-5e22-4b3c-8c47-6cc7700827fe,cold,271,Furniture,130.04,North,2020-12-24
450c877c-dfde-4733-92b4-b29a93f5e191,foreign,750,Groceries,268.13,South,2022-03-28
42df41a1-69b9-463a-b14e-b7316161a8e3,particularly,856,Furniture,683.37,North,2020-06-14
517ebc7f-86ee-4224-8117-a48975bed5bc,section,270,Groceries,752.26,North,2020-10-07
bbdc12f5-09bb-4dee-97d8-819bd9659795,trial,455,Electronics,179.84,South,2024-03-31
622abf79-7adc-4698-89d0-9260a84e4630,season,901,Groceries,792.69,East,2025-02-06
c1a1a3af-395c-4821-9dc7-c9f15dd92f37,page,641,Furniture,314.8,South,2024-03-06
ab8bd830-d46a-49e0-a67a-3fdcd98880ac,friend,29,Clothing,790.34,South,2023-06-16
a920292f-fd1a-4a67-b7ae-d88c9d303904,race,174,Groceries,830.94,North,2021-02-11
45700264-dc59-4790-802f-27854e5bca3c,majority,823,Furniture,839.83,North,2025-02-01
e741ae33-4d93-44b0-825d-62f840489d06,last,452,Groceries,363.75,North,2022-02-21
c81d4e81-92e6-454e-b0ce-ce7414cbaab7,field,473,Clothing,203.49,West,2020-05-20
3b894bca-392d-4026-bdec-b7273db6359e,letter,102,Groceries,344.97,North,2022-01-18
ddced998-ac33-40a7-b436-00525496468c,research,639,Clothing,717.62,South,2020-12-21
076baa82-8eae-451b-8439-2ce18d8fb6d9,affect,567,Electronics,442.96,South,2024-05-16
d699c148-5a55-4889-b2d3-b82b97647981,spend,401,Furniture,625.54,South,2020-11-21
59683239-55ca-42ea-b3b5-075d5b784cbb,shake,111,Furniture,65.56,West,2023-11-18
b117dbad-22c8-41b8-98d6-96280eb73d38,rather,749,Furniture,238.93,North,2021-02-19
87cc3b85-dfeb-4d0e-a932-c53e21905fb1,turn,756,Clothing,171.66,West,2022-12-13
31a432e5-018b-4711-bed8-2712dd1494e0,health,177,Furniture,483.11,West,2021-12-03
9cc31d95-1010-48d1-be56-ffb564029b0e,cut,927,Clothing,897.22,South,2021-11-17
8d437a8e-8d70-478f-b9d4-6dc5ab665724,family,773,Electronics,864.4,East,2024-01-12
9e1293f9-e3ec-4b04-9771-1cf42a478311,office,77,Furniture,418.87,West,2020-05-06
479e65d3-020e-42c0-a29d-48a1cad9df0b,skill,827,Groceries,261.04,North,2022-01-23
df9af8d8-ad73-4dca-af20-cc2eabde63cf,per,895,Electronics,330.31,South,2024-02-23
8bd93161-36c9-4a17-9cc9-cec118cce603,suffer,976,Electronics,458.52,West,2024-08-06
f0a27631-f21f-45b0-9a32-7e7a8c215de8,evening,648,Electronics,483.02,East,2024-04-29
e67ccba2-e25d-4ead-a240-6a7226cd5a1a,ground,219,Groceries,604.63,East,2024-12-27
489f711d-3882-4cc6-8cfd-7d887688a315,century,938,Furniture,909.2,North,2020-04-20
4920ced8-0c21-4a5c-9e8d-0fd1a7f4d881,box,794,Groceries,135.6,West,2022-11-09
686aebc5-4911-4040-bfc8-6bc76b3d0469,group,320,Furniture,423.34,West,2021-03-21
5de66594-0bb5-41df-9d00-144ef093a20f,mention,985,Electronics,530.22,West,2023-05-31
3be06df5-6634-41f3-b466-c626f46996eb,name,742,Clothing,833.18,West,2020-07-17
40bf6aff-0aa6-4bf2-8772-b385b7865a40,first,87,Clothing,622.96,North,2020-09-01
13f4366a-938c-45c1-a6fc-ffc03592ff93,adult,527,Electronics,717.68,North,2023-01-29
f5d58b3f-cb4c-44a0-b38e-0d2aec1f772e,ability,542,Electronics,339.58,South,2021-06-11
4d263488-7dd8-4c6a-9d1c-a60814a7258f,establish,807,Furniture,223.61,East,2021-11-22
59e40a5f-fd89-499f-806f-d1dd9e3e8b99,clearly,804,Electronics,682.29,East,2023-10-03
da0e0bf1-4a45-4ff5-b06d-c9149f170613,popular,13,Groceries,9.4,North,2020-12-24
d0905264-a3fe-4f38-8910-759efc27f05a,could,970,Furniture,741.24,North,2020-12-03
3940ec5d-1ada-4963-9433-a9cfa2c27bee,simply,210,Clothing,589.84,South,2024-03-21
22f67953-73bf-4709-8523-dcaa73e1dbc4,character,45,Electronics,571.73,East,2024-10-24
44967994-6a33-4c99-b644-0ecf5f0e9ee4,pretty,606,Groceries,279.18,South,2021-07-14
a445b7ac-9873-4ab5-879e-affc54816150,order,887,Clothing,20.23,East,2022-10-04
bb543746-bc28-49f3-8a5f-cc95f961ed5d,wind,168,Clothing,819.95,North,2022-06-15
fd363ef7-7a1a-462f-85bc-332c45a60b9a,budget,433,Electronics,300.52,West,2022-01-11
271bf795-5c94-4900-ab9a-0c40032044db,without,877,Clothing,554.3,South,2024-11-04
65f7050e-4bf7-40a0-9c2e-0e09b0880cd8,lot,453,Furniture,505.87,West,2021-03-29
60654774-9f1c-4ce6-bd7f-862c390f80f4,cost,117,Furniture,667.62,South,2022-01-12
22043a7e-0270-47e5-bfac-15e5a76822d1,federal,936,Furniture,722.86,East,2020-01-11
727ae295-43e2-43ed-a709-8e57f6e54ed9,no,251,Electronics,620.47,South,2021-06-03
b7706433-10c9-4f31-9fd5-d6ea930a1bc8,for,651,Clothing,299.39,North,2022-08-16
12bcd146-6725-416e-89fb-068429533648,news,878,Clothing,173.13,South,2022-10-12
370e47e4-14f6-4efa-bb0a-bbc99b65f33a,appear,396,Groceries,670.66,North,2025-05-11
fb4ea315-bb9d-4ac7-9ffe-abd0d8d2c0e9,quickly,159,Groceries,164.64,West,2023-08-09
0958e0ec-09a4-4cb7-91d8-ed2534efcb20,collection,685,Furniture,953.73,East,2022-04-23
9caffe33-38ef-4d64-ad36-fd258bf27190,two,69,Clothing,467.78,West,2024-07-02
136b1167-fe3c-4be9-adb9-428615f93e03,player,837,Groceries,479.39,East,2024-12-03
b83df151-8085-4371-82c9-b2e2b9304c91,serious,502,Furniture,744.55,South,2020-05-30
9423e722-63df-4f1f-a2b9-985030c7c7fe,police,898,Clothing,473.07,East,2025-05-14
1ea74bfa-c89d-4f1a-820e-d482774baf0a,politics,100,Furniture,261.31,West,2020-09-06
34d8a60a-b0f0-427c-a226-b48128dd9589,respond,543,Furniture,942.66,East,2023-02-02
8bd4ff10-6b7c-4fa8-8399-002ccf62e155,mean,824,Electronics,796.56,West,2022-03-20
6aa20446-3a49-4c7d-bf40-f7df5b621dff,green,97,Groceries,244.75,West,2024-05-22
e50e991c-2b37-4f66-becb-b33e1af874e3,while,431,Groceries,176.95,South,2022-09-18
8ecf73fc-04a9-496e-9d0f-e4f0ec924e9c,see,80,Electronics,75.36,West,2022-11-05
e5b12af6-8d90-4fc4-8bf1-4b29084db421,ask,980,Electronics,476.46,East,2021-06-02
b88199a3-0c69-4615-9d4f-098daed6a40a,history,391,Furniture,228.4,East,2020-01-06
25bb9270-5e84-4be4-b95f-7165c5b51506,type,677,Clothing,103.48,South,2021-01-30
04665fa9-4885-42ce-afc0-7bfe43ec94cf,itself,694,Clothing,242.1,East,2020-10-14
6469d6ee-e759-44ca-ba10-48d1e0a74746,message,528,Groceries,362.7,West,2021-04-01
10fb2b1f-0c77-43f9-a13b-01265a2c10f7,thus,467,Groceries,703.22,South,2021-02-11
b073696e-84dd-4291-aa61-e129ede34530,future,372,Furniture,549.14,North,2021-08-02
7fb6eb44-26fd-47c5-ae43-e95262e9c57e,wall,524,Electronics,521.77,East,2024-08-30
b62692e1-2957-4099-8e64-d38f8ab33eeb,hit,824,Furniture,215.39,North,2022-04-29
db3fffba-6565-4a13-a1df-29af80bfd391,within,998,Furniture,297.05,West,2021-06-21
bde21027-5745-4a28-97fe-a78086b08081,wait,932,Furniture,346.4,South,2021-09-12
fd664fa8-5bf5-407a-84be-2a2d233a58ff,move,664,Clothing,547.74,East,2024-07-15
a0eb8467-9fd9-4872-84f8-315d795ea0ef,win,151,Clothing,396.65,North,2020-01-22
6caf765e-2d09-4951-9328-fb41bdebeb45,contain,354,Electronics,561.66,South,2021-03-02
b14ac2cd-114d-40d2-8cf2-4bdbb312435f,war,341,Electronics,304.78,East,2024-10-29
f9f312e7-c802-40aa-9c2e-512215fc9c11,author,176,Furniture,385.37,North,2024-07-26
a7274c3d-27c1-427b-a1d6-5909861d1fdf,example,339,Groceries,281.1,North,2023-08-30
591bf19b-38e5-4149-9933-7c6c9e7ee735,build,302,Clothing,47.29,South,2022-09-22
d4f5c3f6-e4c7-4365-a415-d0e8980f30ee,theory,393,Electronics,894.52,West,2021-06-15
f2bf4b33-bb06-434c-937c-17370d88db43,main,189,Clothing,979.76,West,2023-02-04
37a5511c-3160-4dd6-a681-a614f3fb5200,writer,315,Groceries,427.57,North,2022-06-23
6ae92bb4-436a-4bfd-a2ef-d17fe715ed03,site,107,Clothing,455.95,North,2024-02-29
ed4e0f06-9b6d-4d6f-b924-9cc7bb8441f6,cell,801,Clothing,466.23,North,2023-06-04
dec05d21-05e4-4a91-bd1f-0374fdb9c2f4,probably,195,Electronics,968.24,North,2024-03-31
32bfd4d2-999c-43a7-b6db-c15ef3d4d09c,return,138,Clothing,852.1,North,2020-08-24
26ed765a-b675-48b4-b91b-83f44505bc5c,stuff,822,Furniture,885.63,North,2020-04-17
75cd80ea-b1b7-4a91-97ff-eed9780ec47b,reveal,407,Groceries,654.36,North,2022-12-14
1a4d3155-c7e8-4a5d-b05c-48018f56d67b,open,30,Furniture,968.26,East,2024-07-16
7ac1ed1f-eeda-4021-9a91-2185912bfb80,trial,45,Electronics,848.12,North,2023-08-30
90df2ebd-e6b8-4ef5-9310-a93e69b2c9bc,visit,173,Clothing,594.46,East,2020-06-17
01e9629f-6c9c-46f1-8050-f57e5c6d3b37,theory,942,Clothing,6.03,North,2023-12-31
f7f9d859-b820-4d1c-8bdc-2f0c4e09c0db,season,139,Clothing,725.44,North,2022-10-15
d919b7e6-deb7-4553-bb5c-ad7ebfc5d9d1,able,918,Electronics,681.43,West,2022-05-29
53583749-3b6f-4cd6-a3b7-c5701ec7164c,store,313,Electronics,232.11,South,2020-10-25
5f893359-926b-40e3-8913-72958fd5b8b3,else,140,Electronics,900.12,East,2023-11-17
e3296d0a-f55a-4c26-af9f-e54a72030589,television,528,Groceries,536.87,North,2020-07-05
034097cf-bcc6-48fb-bec0-459a3a8b1ec7,fight,804,Groceries,488.11,East,2023-04-21
c5ebb82b-bcff-4e06-8709-cc51c6844c4f,economy,492,Electronics,203.37,East,2024-08-11
c0123689-eccf-4fd2-8aef-f6b7e47c6a5e,single,173,Clothing,172.69,South,2023-04-09
1f6f37f6-ce4c-4f5f-9edf-56c638a65223,both,331,Furniture,472.75,West,2024-09-10
8d5e95fc-0425-4f07-be2c-815e9d746c4b,institution,881,Groceries,719.28,South,2020-08-21
75e440be-0a32-4dea-9321-932cb4a8f007,win,883,Furniture,123.53,West,2024-04-19
df8fb64e-a81a-4656-9862-977bf1bd79e1,decade,346,Furniture,572.31,South,2022-04-11
8684ebc9-0637-4ede-b1e9-c7860d7ddd4d,heart,635,Groceries,630.92,South,2024-04-17
0884f359-035b-4b74-9226-98f93b5915ba,thing,938,Clothing,844.18,South,2021-11-10
5a4f850e-e91b-4f4e-958a-d8007abe1b94,movement,109,Clothing,83.23,West,2023-05-20
4d46af3b-dbd6-4c35-ae49-ba4567b4d309,care,81,Electronics,883.33,West,2024-06-16
19458f68-25de-4511-a580-ca966de1a435,however,10,Groceries,905.97,East,2021-01-11
b32ea5c7-9a45-46f0-a379-9551cad6c6f1,firm,493,Furniture,304.47,South,2023-02-08
6d9446ce-cbd7-491a-b91d-74444656375d,animal,713,Clothing,929.75,North,2021-04-20
2214d16c-00f5-4cbd-a977-ff91d5b04db1,own,406,Electronics,924.64,East,2023-08-24
fdf242cc-c6ad-444c-80c2-00dbfa398607,administration,89,Electronics,20.12,West,2021-03-13
bcddb190-c128-4b22-80ac-3807cf54edc1,professional,929,Furniture,192.55,South,2023-04-01
69ffdb04-6edf-4bfa-8ace-5ff4200fbb55,onto,783,Groceries,826.08,East,2024-11-08
0f0ad411-b305-4c3d-9e9d-cae94c452e54,material,95,Groceries,677.65,West,2020-06-25
3689615f-bb9e-4dc5-b0d9-d08885f42f97,around,307,Electronics,493.58,West,2022-01-04
eebb7e19-36ba-4bfb-9fbb-10634a3ed520,position,613,Furniture,742.23,North,2021-03-13
c436014f-848a-435e-8e11-e3bb20275bbf,provide,898,Furniture,885.88,West,2020-09-04
af0c99f0-bddf-4548-925d-449c0e90a2c4,energy,299,Furniture,994.05,West,2025-04-19
80439189-f483-4e00-bfbb-803d6bd69cbc,learn,919,Groceries,126.92,East,2021-11-10
d4ec877c-f09f-44bd-9eec-f469f6d7f1be,guess,569,Furniture,949.36,West,2022-08-17
d1c7a60e-7469-4eb9-a964-7981673db829,war,403,Groceries,580.51,North,2021-08-22
01e7c19f-43aa-4a78-b76d-046f5796bfdb,across,751,Groceries,71.38,South,2021-10-24
3eca016a-5178-47a3-bbb5-4481b31107a5,quite,130,Electronics,864.8,South,2022-07-13
75a6aa02-d65d-42f2-a2c9-9897d38d3158,way,783,Furniture,833.58,East,2022-06-18
cebfed8c-d935-4973-8c99-a5f76ad7d9fd,money,452,Groceries,879.48,North,2021-06-08
dadf7bca-5bb5-4d7f-93f4-68f4144e7f3c,until,218,Clothing,158.1,West,2024-05-14
ea9312a1-ee96-49a3-b380-4b08a0c28e37,need,956,Groceries,867.67,South,2020-05-09
a35bc2c4-0a7f-4c11-9b76-5fada20e6dee,win,599,Electronics,511.17,North,2023-01-23
7818c29b-2406-4dee-a04e-45ac1de849a0,against,321,Furniture,315.67,South,2024-02-03
c28791ac-277c-4d6e-84fa-bfa1d69e02b7,business,562,Electronics,806.66,East,2023-07-07
f2877d83-04e9-408a-85e3-2e125c1ed59f,young,321,Clothing,664.81,West,2020-10-28
6e204f6e-e2da-4ede-a3d2-bb4d159bc93d,how,551,Furniture,797.06,North,2022-06-16
40e2275f-9181-4060-a7d4-43cf5cf16bc9,college,558,Furniture,595.3,South,2021-07-17
d13ff0dc-aa74-4068-aede-a4761c28f273,partner,168,Furniture,996.66,West,2021-11-16
a2a3508c-0b74-412d-bb02-9030e23fec47,reveal,118,Groceries,482.7,South,2020-03-23
b9a621d6-8905-4d12-8b35-40b09fd6a813,process,465,Electronics,486.02,East,2023-02-13
cc9c0d3b-b587-4b4f-b05b-6522e882425e,enough,896,Furniture,521.4,North,2020-03-29
79aadfaa-b562-4a8e-adcd-9a120d35e550,environmental,151,Clothing,693.27,North,2023-05-12
895f3e2b-2001-46e3-8b0b-b21b81299389,mouth,421,Groceries,572.6,South,2023-09-03
7577f4c6-8be3-4bf0-b6e2-426b969d8ace,ever,946,Electronics,410.95,East,2024-06-26
7c645fb1-0947-44bd-acd4-5ffdce889e1c,explain,450,Electronics,649.04,South,2020-05-05
a710ba46-e250-43de-83e1-97556c85da7c,off,647,Groceries,769.01,West,2023-06-02
5f8dc7a0-388c-432f-831d-d2f9963bd46d,trade,650,Groceries,977.88,South,2022-08-24
62c6625a-7161-4217-82fc-b8f7d16aeb85,debate,395,Furniture,647.03,West,2020-07-05
8976d090-e1ac-40b1-8870-dfda49e8e3d2,never,485,Clothing,549.8,South,2025-04-15
662494ee-512d-4376-910b-7409d282be3d,western,527,Electronics,731.12,East,2022-06-10
64739ffd-0a99-4e7c-a800-bb5b3bc0064e,rise,353,Groceries,915.85,North,2023-09-13
904b2146-dd42-4a7f-97e8-3c91630f2a17,than,83,Furniture,92.9,East,2024-05-25
a5ae4e21-156a-4306-af3d-a7aad25b4faf,instead,14,Electronics,785.09,East,2023-10-11
c0d29c67-2c06-43a7-80b7-ac92f7b20ec3,read,322,Electronics,961.51,North,2023-01-25
85438e4f-0809-4af9-abbe-721deefcbed3,career,308,Clothing,77.36,West,2024-05-26
00d0e501-a1ab-4ee6-b361-ba0a8697cda1,style,762,Groceries,201.3,East,2022-07-28
719941d4-5550-4882-beca-dac6b2a293d6,attention,346,Electronics,603.46,East,2021-03-27
6949b2f3-9609-46f6-9d84-417f956370df,during,109,Groceries,316.34,East,2022-08-10
1791462c-043f-4fce-8447-13623ee2121e,by,724,Furniture,152.98,North,2024-11-15
1b6d05e3-90b0-4f48-bff3-45774384d9a0,support,855,Electronics,119.08,South,2020-02-24
030569bf-63d4-4117-9c9c-d1bdd087b0e8,only,183,Groceries,852.4,West,2020-12-08
e2249cf5-7cd4-40ac-bb2e-2969e64aebb0,system,925,Clothing,543.46,East,2021-05-08
151b7eb6-84dd-4db5-b2ee-4d9d96c29454,line,957,Groceries,623.49,South,2024-12-24
4827d2b8-9264-4ee7-b8d9-615af9c7547f,experience,254,Groceries,680.65,West,2022-11-16
b9005055-03d1-48cd-bac7-4bb06a76f082,several,683,Furniture,464.91,South,2021-02-15
1550cdbc-9665-4fd0-acf5-ea20ce281f4d,worry,242,Clothing,955.25,North,2021-07-02
81af9435-6f00-4fb1-843c-a99edc8b13eb,church,961,Groceries,967.94,South,2020-03-27
e775e66d-2a46-4543-b5a7-6f7415eea6ac,class,444,Clothing,993.76,North,2024-05-18
ce4d1de7-ffb1-4931-a8f2-45d5d93514b0,itself,716,Groceries,139.15,West,2025-01-16
a6999102-ca2f-45a6-8942-2c91ee15c31b,child,871,Electronics,241.86,South,2025-04-25
61e06588-24f3-4d81-b276-ad3135f4c5d1,son,798,Groceries,109.13,North,2023-11-16
d021c8da-6ea6-4fe3-8004-d589a1de2a35,attorney,79,Clothing,782.8,North,2025-02-12
04c45195-b225-4d35-a212-79ab34ef52bb,cultural,803,Groceries,89.03,West,2024-10-30
7beb46d5-849f-49d1-908f-76c382dde48e,religious,457,Groceries,568.09,West,2023-06-11
fe839331-f4c1-4782-965b-8abf19176b0c,arrive,863,Electronics,880.52,North,2023-09-30
f98f5e79-6564-428b-b49f-563f87ade922,watch,397,Clothing,41.84,North,2023-08-04
3d472c30-80bd-4bb5-bad5-8fb7744d4e4a,whether,21,Electronics,83.61,South,2022-07-24
cd5604b1-4e36-4c74-bd1b-e8d0fc365bbf,item,217,Furniture,522.71,West,2024-09-12
e6c15ea8-f93a-4ed6-b1d3-0a768772475d,yeah,920,Electronics,370.19,East,2025-02-12
a4137508-04e9-4bff-a607-3011166cfd80,available,163,Clothing,740.38,West,2023-06-26
ed27e744-505d-4801-be76-8d089067db50,serve,12,Groceries,99.02,East,2022-03-13
83f4757c-f847-4dcd-baa0-0b6e32ef812f,without,263,Electronics,800.01,North,2022-01-30
0e3979fe-dbf5-4cfe-9ce2-60b3a21d8271,decide,383,Electronics,788.79,South,2020-11-17
a8dd47f8-cfdf-4923-88ee-b5bbce836122,house,26,Clothing,351.19,West,2020-08-14
80d4e89a-417f-4761-9890-32d732b79ecb,prove,866,Groceries,717.84,East,2022-12-25
1882e3f6-cb95-4a2c-b726-08e719d38438,job,89,Furniture,271.85,West,2024-03-02
c1cdb94f-5a0c-452a-986d-3798cc540e8a,manager,188,Electronics,369.82,North,2021-02-18
d5d83b21-baf2-4c40-b604-c9dd8c80cea1,campaign,734,Furniture,374.66,South,2024-03-11
94a9bfa8-5f61-491a-9170-dfd21548ba18,cut,810,Furniture,754.27,East,2023-01-04
8f72ffa8-71ce-4bf4-9883-f1c4833f5adc,food,757,Groceries,174.57,West,2022-01-04
6640541a-9cd4-4588-901a-1a72ce5bcb1e,customer,165,Groceries,574.37,East,2020-01-29
98ddc24c-b095-4c37-98c1-9eddab83dc28,economic,420,Electronics,12.08,South,2022-11-14
42a40346-09bb-4e71-aa1b-b8d0e3d2efac,when,366,Clothing,308.95,North,2025-04-30
b3d423e0-dc4f-4c8d-a332-fe69f0e780d7,ok,916,Groceries,72.95,East,2024-12-19
1e39c103-e6c3-4df1-8f98-2da577933929,country,793,Electronics,745.64,North,2021-06-14
0730f660-c37d-4a1b-9301-036d6007a5fe,trip,625,Clothing,609.33,South,2022-10-17
6f8b3f72-b32f-421c-9d08-9d7a41d5c30b,knowledge,719,Clothing,575.1,South,2024-09-19
5b427d35-e0bb-41d8-8785-4a1aebbf5d86,sport,232,Electronics,725.91,West,2022-06-02
d036ffa4-9909-47a5-90f6-4c6c5e3abc1a,position,229,Furniture,985.66,South,2024-05-03
7d5543d7-0bf8-4a37-ba3f-85788341d2b2,thousand,844,Clothing,111.14,East,2022-04-28
09f08125-5a8d-4d2e-91d9-a3bd4e2862b9,market,149,Clothing,722.22,North,2023-02-26
3126ff07-5eae-4323-9ee1-2a708634ba9d,statement,538,Groceries,883.2,North,2022-06-11
71fbf450-1179-4ec0-8ca9-2485c07a916a,quality,650,Furniture,731.01,South,2024-08-03
41c0ec8c-3ff0-44aa-8dcf-1112703a53ff,I,870,Furniture,255.31,South,2021-11-09
73a0456d-fa02-4e4e-99d2-7e7e45391e32,best,713,Electronics,176.46,West,2023-02-16
9c38d535-c7c4-4281-8af1-bc6658633cb8,resource,852,Groceries,714.97,North,2021-12-26
eef58c4d-05fa-48bb-a939-0cf1542aee69,institution,59,Furniture,280.19,North,2025-01-16
59431c32-bbeb-46c0-8834-aad1cfd78730,will,232,Groceries,26.12,South,2020-12-26
5766f8e7-098d-44dd-af9b-bfaea718685b,candidate,25,Groceries,276.2,South,2020-07-18
6adbd737-554d-4bf3-a502-9c9c85a831fc,take,935,Clothing,564.84,South,2024-06-25
fcb43d2a-702e-48b9-91b2-fd72a24d90d6,unit,918,Clothing,289.83,East,2023-02-02
13bde9d2-1053-4a91-baac-89c12b56664a,keep,170,Clothing,371.38,South,2021-02-20
0240577a-7c83-4470-9247-b7adc0626712,strategy,565,Clothing,523.31,North,2021-09-04
6fbd3650-a305-456d-8f4f-7abbc8ecd14d,guess,710,Furniture,352.78,East,2020-09-05
0be0c0bc-0f09-42b7-b1b3-9f7bf5862487,billion,954,Electronics,611.73,East,2025-02-18
102e118a-ca4a-427d-8cf4-c7915d9d674f,star,177,Groceries,514.43,South,2020-01-11
5ed4a8f3-5010-4b2b-8092-d56059279d25,citizen,726,Electronics,136.62,North,2025-03-03
f9964474-5bdc-48b2-9262-df8a4602e791,tonight,466,Electronics,429.38,South,2023-03-08
7c91ab8b-a39f-44f7-9b2e-5460ee9bd2cf,plan,964,Clothing,369.37,West,2023-01-07
45e50e26-8130-419d-a500-97541752485e,ago,606,Furniture,832.21,North,2023-11-26
8251b14b-f76e-4937-937a-66962e00ce09,whatever,991,Furniture,652.13,North,2024-02-05
bc44bf9e-a1cc-43d7-9f2a-0ffbe642b7d8,physical,427,Groceries,497.67,South,2022-04-12
285ec95e-75c4-40c3-9167-59e15f71fe10,seven,924,Electronics,447.0,East,2022-09-29
ccc87ca3-368a-4060-adf7-08f28cabcc26,what,877,Electronics,98.62,South,2023-09-21
b3c6b7c9-5c53-4d5e-8c40-fe22d2fc982b,them,872,Groceries,769.62,West,2023-04-27
9a92de6c-6c56-412b-946d-b5d246c39bfb,song,902,Clothing,912.64,West,2020-05-25
c48624d3-44ee-42a7-b3e4-e4ac7c9a6751,room,623,Electronics,998.34,East,2024-06-14
03a6c253-6e9f-47b6-a110-9cabdfb5e133,past,946,Clothing,96.71,North,2024-01-01
af2ae4db-8b1f-4733-b855-e87460a8b478,source,817,Electronics,594.67,South,2021-12-03
e8509644-e9f8-40e5-8fa8-f812c5612227,long,194,Clothing,299.27,West,2024-03-04
291e0952-c69b-4dd8-934b-a502e0f54517,out,560,Groceries,825.12,East,2021-07-03
e259eeff-6787-4545-89d8-1a4ed769cf39,worry,523,Electronics,272.18,South,2024-08-30
e8084377-cdf8-4c01-8aa0-31695e5a775f,avoid,278,Groceries,343.9,South,2022-07-09
7ac2a8f1-ab54-4b69-aa68-3733902dece7,war,193,Clothing,383.82,West,2022-12-18
dbabd738-5853-418b-88fb-6aa06c41b045,region,655,Groceries,183.46,North,2022-06-17
8d53c79e-cbf3-47a0-b99a-96cfd9ea5c2a,talk,621,Electronics,362.77,West,2022-05-25
cb6aafff-3b78-4aa6-bcc1-01ffccc191bf,why,371,Electronics,628.24,South,2021-07-22
97b64c46-2ffa-4ffc-a5ad-8ad4ab78e913,grow,582,Furniture,865.8,North,2022-11-04
77492d9f-a4d0-42df-83b6-5737874fa606,place,335,Clothing,897.12,East,2024-02-10
2dcc74b8-f5c8-4d2c-8f2b-86c095bade63,talk,727,Electronics,484.13,East,2023-03-26
658df20f-0324-4661-9162-cf8eee5a3a3f,call,469,Groceries,831.4,South,2022-06-30
25001257-93d0-4558-aa37-c205806809f4,fly,223,Furniture,759.47,North,2022-08-23
35ccd283-f8e7-416b-acad-8642059bb60d,rise,896,Furniture,12.78,North,2024-05-10
d68f382c-e73a-488a-bcf3-4352f4b0bde1,wall,213,Electronics,509.83,North,2024-08-21
30849e9e-cead-4fd8-af8a-53249b903616,control,649,Furniture,340.6,South,2020-10-21
3b5fe5f4-972e-4def-bd4d-6f67ce833c18,western,839,Furniture,85.51,South,2021-08-23
d83a5b7c-65e3-4531-90d4-d561a6208cda,already,287,Furniture,676.25,North,2020-12-12
a2cbbcf1-e513-4f54-ac79-362e16411219,state,255,Groceries,710.74,North,2020-08-12
0cbe2046-cf9a-4b54-875d-5d4d250c12ae,add,101,Electronics,776.54,South,2022-09-24
edc3f8df-34d1-4789-bac1-113a32dc66e3,through,491,Groceries,536.88,South,2021-01-29
7749f799-08c3-46b5-a580-129253c097fb,many,144,Groceries,233.4,North,2021-10-13
57df9607-3dc1-43c8-a9fb-c3c32e7719e5,loss,96,Clothing,649.28,West,2025-03-04
9ca92b6b-72a8-49c9-984e-31bcdf406aa6,case,751,Groceries,862.72,West,2022-05-13
ad4854b1-ad31-48d6-99a7-6bbb91192caf,shake,634,Groceries,465.44,North,2021-10-08
165f6f0a-3fc4-4383-b268-1ff6df9c2299,price,763,Electronics,93.5,East,2023-02-03
6b862d33-7e25-4e80-94df-21fb0f9cb50f,little,606,Furniture,201.53,West,2021-05-09
20502a92-dc0d-4543-b45a-67077172126c,anyone,750,Groceries,581.82,South,2024-02-01
42d4f2c2-b220-400c-b6a5-11c113334dd0,respond,482,Furniture,448.2,South,2021-07-18
0eb2fcac-e8af-43d8-a9cf-3b598ca1cf03,organization,579,Furniture,737.21,South,2021-03-07
ccb5908d-cdde-4ff1-8df5-ddf991e2aefb,they,467,Electronics,902.05,North,2022-07-12
c899f53f-ae62-465b-bd61-5eea59d9471e,edge,715,Clothing,461.88,South,2020-01-13
be2b3a67-85b0-4a79-95cb-eeb45d8f0e12,environment,888,Furniture,248.78,North,2023-05-19
3ff13192-0ac3-4b13-afb0-9977837e902f,wait,148,Electronics,864.84,East,2025-03-21
d615401a-3e5a-41a8-bd3b-6dfc70408555,edge,601,Clothing,153.31,West,2023-03-04
9f167587-0ea9-475d-9442-883171c19a93,by,470,Electronics,103.74,East,2021-06-04
be9ddb74-3c7b-4497-ae20-56da5c3b2301,general,809,Furniture,900.17,North,2025-02-21
6360ecf4-a7f6-40d5-bff9-3592f2ced08f,notice,705,Groceries,822.06,East,2020-12-23
7c170feb-f7f8-40c0-8672-6d6e9f93a382,give,131,Furniture,308.86,West,2022-07-20
04ebdf5e-318b-40c5-ab0b-6fcb74a15325,trip,979,Clothing,880.29,South,2022-09-12
d70bd649-4472-40d0-9692-ef90a0e3848c,law,524,Electronics,60.08,North,2021-04-28
d5033518-a78f-4be9-be9a-bc445d3931dc,crime,504,Clothing,185.43,West,2021-12-16
6321dc05-82c9-4d40-84b5-03dfbdedb9fe,budget,873,Clothing,807.61,South,2022-04-13
04ac1403-eb4d-43f3-b753-327443797624,argue,294,Furniture,633.9,West,2021-05-21
cba8990e-a172-45ec-8cd7-47f824d560d1,then,687,Groceries,694.83,South,2021-01-17
4c164ace-516e-4718-b1ac-194fd4b026f1,series,874,Groceries,834.49,North,2022-10-07
5725164c-7a22-4beb-b7ac-e0a720b42a50,indeed,470,Clothing,290.74,West,2024-11-29
afb346ba-85af-4093-9944-8bc7b35fa39d,authority,766,Furniture,139.31,West,2022-05-31
e8b80866-ff01-4388-9960-0817380493cd,human,588,Electronics,553.12,South,2024-01-31
cb7a6a25-0bf6-4629-88a0-be2e5e1f7b47,culture,774,Groceries,727.52,East,2022-06-15
256a92b0-f180-4c34-a80d-a23738f9c375,think,219,Groceries,493.55,South,2024-06-04
df9a4a73-b537-4fa3-9377-12a0707da5d6,nearly,658,Clothing,446.98,West,2021-07-13
6701d526-0a80-4a4b-b306-5b4b37cbe7c8,city,907,Groceries,74.95,West,2020-11-10
90c325f1-83fe-4143-b99b-6dd9b4f8c655,beyond,359,Furniture,514.01,South,2023-03-30
36e5eaa5-d04b-4a2d-8652-7d716a8687a7,agree,443,Furniture,234.3,South,2024-01-12
6e543ead-8dfb-4ef6-a11e-66728277a57b,hope,634,Groceries,263.67,West,2024-08-31
dfb4712b-551f-47d2-ab28-1ce6c45b85f2,member,106,Furniture,614.62,South,2022-09-18
2c0c50ab-b191-499f-a682-8f1782eb9388,address,300,Furniture,843.26,West,2020-02-23
be56cf2a-21a3-46d3-9a2d-bc4a70923950,response,401,Electronics,604.54,West,2020-02-19
f8257511-9c59-43ae-89a3-da55c7cb7325,good,23,Furniture,497.47,South,2022-01-07
386b3d5c-f325-4484-b9e9-95b424534c8a,resource,178,Furniture,948.04,South,2023-04-19
28384c1b-4452-4a73-8700-7c88bbb234cd,pattern,557,Groceries,898.33,North,2020-11-10
e2038870-0965-408c-9bfe-1ae1628f696a,gas,190,Clothing,150.15,South,2021-11-10
9ecb16b8-f8fc-45a9-931f-698884a4c6c9,actually,311,Clothing,768.66,East,2025-03-29
32c5fe9d-8a43-458f-ac13-ea30e540803f,exactly,484,Furniture,85.85,West,2025-03-03
6ddaf23c-c81f-4c33-bf9b-88c7d89d7225,key,515,Groceries,985.17,East,2022-11-04
195c4da1-d361-4564-a621-6632d5a6ad46,whole,229,Groceries,422.95,East,2023-03-09
f12af93c-5eff-47da-aaa2-ed1589069caa,box,357,Clothing,17.75,East,2020-03-09
06cfa0dd-6a63-44fd-8d68-759443659171,level,400,Electronics,949.42,South,2024-08-23
2bbc7d3f-ec23-49c5-b21e-9b6318b887c2,audience,797,Clothing,730.78,South,2020-09-13
e3feba5f-5846-431a-8a9d-b0d7063f362b,go,458,Clothing,252.18,West,2025-04-26
dedc281d-eeff-45b5-9b21-7a60aa8d2a93,will,505,Furniture,237.3,West,2021-04-30
e2ea363f-1735-4a05-bda5-0e228ff50063,resource,26,Electronics,669.44,North,2020-04-01
325ab77c-2043-4d06-bc77-28e687c2f24c,just,794,Groceries,658.93,South,2022-03-13
6a44f3df-1d9c-49f6-be34-d86353779157,window,219,Furniture,593.81,East,2023-09-22
7e304dbe-20fe-4349-8f51-a469a52e2501,cost,61,Furniture,821.29,North,2024-12-12
cf27a8ef-3b6c-4f01-b7c4-ea7e5e21daaa,deal,267,Clothing,663.55,North,2020-04-09
85aa9514-92eb-4442-b987-65341685d86d,education,921,Furniture,680.55,North,2024-10-09
5d4187c6-b506-4280-83ba-23bd934b20c4,every,451,Groceries,788.65,North,2022-08-27
c86b45e3-6688-4bfe-a8f5-ee16f9869bd3,our,819,Furniture,156.73,South,2022-11-28
c77f13ec-852e-4d41-8e03-332e42fa90f1,your,703,Clothing,604.53,East,2023-02-28
ee8a71d8-9df7-4282-98b9-30f759037ebd,serve,866,Electronics,303.56,East,2020-06-29
c8b50b3a-bd0f-4795-9493-551e40597698,eight,853,Electronics,323.83,North,2022-06-12
d9573dd8-1f4c-42d3-8c3a-8e6a10c3b0f5,general,668,Furniture,304.66,East,2024-01-09
ef257cd6-68f7-4d7e-b76e-c69c19785b0b,marriage,110,Groceries,550.14,South,2020-05-28
0229fe2f-54b2-4a5e-8281-9c3cffc175f8,authority,828,Groceries,50.45,South,2021-04-27
59c0dc12-8193-402b-a88a-27533e907579,involve,107,Furniture,649.13,South,2023-03-03
d61959ac-55dc-4eb3-af08-5327cba4a97c,western,1,Groceries,14.89,East,2023-07-13
26b619d2-ae39-47eb-a277-9254ac5141b4,table,63,Groceries,630.3,West,2020-08-17
5035216f-8dd1-498c-ad1b-4a5954397d44,bad,615,Clothing,494.03,West,2024-07-15
c7b3695f-6b61-4be5-96fd-0dea0cf75e19,possible,29,Electronics,68.17,North,2024-03-16
b858d2fa-f682-4425-a105-23ae14fecfda,painting,350,Electronics,252.37,West,2023-11-21
69062678-8f1a-4e26-bbb3-45dc4a582a8f,inside,644,Furniture,507.42,South,2023-11-21
9eb5b5dc-0b57-4863-a623-f5ff28f51d7f,cause,203,Groceries,832.17,West,2020-03-19
ad146d9b-4344-440f-a3bc-3adfc3553763,describe,812,Electronics,888.72,East,2022-01-18
b8bcd0f9-0ba2-448c-8c82-d1f7a8c9f158,back,914,Groceries,208.52,South,2023-04-27
157bfc0e-cf6f-4463-b07d-f199f0b0a6f8,send,543,Furniture,817.12,South,2022-01-31
7668b7d4-34a5-48ee-83dd-5f6939e11898,once,150,Furniture,242.5,North,2024-03-19
282cee27-294f-4fb2-90c0-829ab5c36fcc,only,583,Electronics,836.81,North,2020-07-06
46f2a324-d419-40e5-bb02-7ed765744641,number,619,Clothing,556.75,East,2020-06-29
434b317b-26b4-4e13-9651-89ef08e24c00,international,922,Electronics,201.81,East,2022-10-22
6a14aa41-15b9-4c07-8ec5-563b71d7375f,total,925,Furniture,443.21,North,2022-12-28
dcab29a8-2c9a-47ff-9462-d864a1f6af1b,energy,140,Electronics,121.29,South,2021-01-18
e5ab61eb-5e0b-41a3-b2d8-edb327715986,personal,434,Groceries,709.87,East,2020-07-11
2d7972a1-9962-4dd9-9c8c-1df494d6dc27,suffer,313,Electronics,374.5,East,2024-08-05
916a2bb2-6908-48b1-981c-2585dc46bf9a,suddenly,299,Clothing,920.49,East,2024-01-11
0dc05b13-dfb5-42e0-831e-d1bb7ceac73d,hope,768,Clothing,368.23,North,2024-08-15
bbafd234-f718-4b8a-a9d5-0848e17f783f,wife,884,Furniture,568.62,West,2020-12-20
e4fa1d04-aef9-4457-a871-4f583f001e69,consumer,737,Furniture,779.33,South,2020-02-07
8a601d62-b4be-44ed-9677-4a497905ab30,response,889,Furniture,741.51,North,2020-12-05
5fe2a5c6-3769-4f71-98db-f2139e61a979,remain,74,Furniture,670.23,South,2020-12-09
66a9e1f0-7641-4052-acae-8544c4f43f43,history,762,Electronics,422.12,North,2020-05-07
1387dae5-e1de-4178-bfd0-a54b86bdce52,point,390,Furniture,140.43,East,2021-08-21
f5ac709b-8a8d-42f2-b40b-5460cc42eb1b,early,95,Furniture,750.3,West,2022-10-26
00293796-1e3f-4a02-ab5e-f26d29f9ba3e,simply,374,Groceries,251.83,South,2024-09-28
b7710b27-ea7c-460a-b4ea-a019ff511e7a,others,998,Groceries,672.06,West,2025-02-03
943ce2f1-4575-4c27-8cee-c6908ccea7dc,organization,842,Clothing,70.82,North,2020-12-06
102eafb7-8ee9-403b-ae28-5391bce03220,standard,795,Electronics,908.63,East,2023-08-15
af00b006-c1a2-49f2-bfd4-4d51dbe815cc,rather,591,Clothing,258.04,North,2021-09-27
43c3bbbc-77e4-432b-9682-ee8532d29289,important,500,Furniture,973.63,North,2023-12-08
e293a829-3322-46f9-a43a-1610c3ec44ca,chance,238,Clothing,61.24,South,2021-04-16
a9c87415-dea9-4ddb-bca4-13b70a405e79,language,448,Clothing,198.51,East,2023-03-13
c4832646-cdac-471e-b646-2a3702b15c28,product,585,Electronics,42.42,West,2023-07-11
c34aba90-4976-4441-868b-3707156083d7,capital,1,Clothing,85.65,South,2023-01-02
45d1eec2-ed9d-447f-b352-5a5e554f4951,adult,688,Electronics,692.17,South,2025-01-14
a3e159cb-b35d-4c21-8ebe-9f8c4d7f0b08,enter,758,Furniture,16.62,East,2022-08-23
c86160d7-312f-4267-8ecc-4d551c82a8d8,partner,859,Groceries,480.54,East,2021-04-16
4022e8b1-4791-478a-b698-b39e584441dd,east,379,Groceries,298.85,North,2024-12-21
51946f2f-139f-4288-a9ea-4bd42c9c7beb,behind,256,Groceries,26.27,North,2020-01-30
6bc4e405-106b-4374-bac5-2a2ebe559418,agree,78,Clothing,528.62,North,2023-07-25
3f944fae-ea1a-42d6-b287-2883f56c5f3e,business,62,Electronics,12.71,South,2023-01-03
54833b45-583e-45da-ab84-5621e8c8db4b,war,4,Clothing,157.13,North,2025-05-26
576bc89e-0205-418e-80f2-fe54b05f2ea7,plan,58,Groceries,7.19,South,2020-02-02
b5e88f7a-469e-4525-a591-f83b732f087a,near,958,Electronics,914.62,West,2024-05-17
8a3cc2c4-bd1c-42a9-a900-99c2445e1923,conference,528,Electronics,855.74,East,2021-04-25
377241b3-e146-42b5-b03b-7ad3859509bc,maintain,954,Groceries,643.06,North,2021-09-25
684172a4-50d3-40d4-97b5-a8ca44954ae1,east,710,Electronics,49.8,West,2020-01-11
6491e90f-9966-427e-966e-4caee3ee0e15,water,480,Groceries,872.47,East,2024-02-18
3950b101-98b0-44e0-be04-1ad0ca491c0b,several,847,Electronics,9.09,West,2022-02-09
9b75795e-fbba-4831-8eb8-1fe81eb3af0f,size,882,Electronics,533.02,South,2023-06-15
eb85f5a7-8737-4784-ac62-af6e4eaee2fc,where,421,Groceries,521.71,North,2020-09-20
3fdb0887-9009-4da8-b57f-bc0ddfebb6e3,idea,675,Furniture,557.37,North,2025-02-23
575d70f4-01dc-4353-bb31-becf092ad11c,work,361,Clothing,550.93,South,2022-10-28
f6089013-5af6-4a45-9419-3e3dc0e589a1,city,210,Furniture,750.07,South,2024-04-13
8f94f4f0-83f5-42a6-8755-23901de65443,quite,480,Electronics,159.47,East,2021-02-08
b78a30a6-72fb-41f5-9e62-003113d410cb,structure,475,Furniture,766.68,South,2022-02-09
f42cfac1-e354-434f-b990-ef70c6b962ac,improve,410,Electronics,295.65,North,2024-01-20
6a662030-bff6-42e4-a126-48391b0abe37,lead,587,Groceries,540.35,West,2022-01-25
5cba6159-864f-41a8-8ae0-a8c34a0d3d3f,generation,197,Groceries,258.36,East,2020-05-06
9ea8cf83-a11c-4f75-90ea-677fe46c52d2,believe,420,Electronics,559.11,South,2025-04-25
04a7418e-954f-441c-ad35-e374597b125b,great,856,Groceries,815.62,North,2020-08-02
5eececb9-5f00-4b73-b871-03bc647e69f5,young,253,Groceries,392.61,East,2021-07-07
fdb1e831-0aec-4975-9a9b-a9a502b21f6a,though,288,Electronics,27.73,West,2020-09-15
949e662a-45db-43df-8b74-3160d1a8824c,Mrs,441,Electronics,886.59,South,2021-06-10
0c9b6d34-9864-47fe-8151-058a25963205,affect,834,Electronics,285.26,North,2024-10-05
2b10d38f-fd30-4d5a-9fb8-bf39bff86a16,fly,69,Groceries,150.07,East,2024-11-08
69246cf8-91be-4d6a-93cb-725379138cc2,evening,582,Clothing,229.53,East,2021-08-23
343e2db7-c977-4bed-b69d-0ae02886a53c,hour,207,Groceries,940.5,North,2022-11-24
2b5130a7-800e-4f82-ad67-92c3234d4a7c,wall,1,Groceries,36.25,North,2023-02-13
e9c6a9db-de5c-4401-83c5-946946e800ab,partner,544,Clothing,225.19,West,2020-01-28
0d08186c-00b6-492d-b347-ddc6be029014,everyone,794,Furniture,706.4,West,2022-11-01
afe5941c-0bf0-46fa-9d7b-abd5a63391ff,practice,559,Groceries,136.17,West,2023-07-02
91aed59f-db9c-4ca3-904f-74165c88d35a,practice,899,Furniture,367.73,South,2022-09-23
c702ca11-d157-4e2f-a2df-fc6b72023c66,indicate,765,Electronics,67.33,West,2020-10-21
9088a084-39d8-4ff0-8619-0b449db158b4,avoid,597,Clothing,44.32,West,2024-01-30
a0e70282-8474-4aa2-852e-9b7b9e16c0fe,carry,816,Electronics,844.02,West,2023-04-02
29c1b441-8d91-4f49-be85-44320bb8db99,create,987,Electronics,600.77,East,2024-07-30
1aa429fc-065b-4325-852c-af11d7ea77f1,television,846,Furniture,88.86,North,2023-08-04
a03082ac-0ff5-4b27-9658-00ea149bc1ee,into,270,Electronics,855.38,East,2022-09-25
65d4ae4a-530d-4592-ae31-537321409d58,tonight,176,Furniture,957.56,North,2023-03-12
8ebe481b-5056-4fbc-8586-e39ef717c824,stuff,881,Groceries,251.77,South,2021-07-05
26ee068c-53ed-4034-aab2-9177ea2859db,move,876,Furniture,241.64,East,2020-12-23
0ce1ba76-1937-4d86-a23c-eba49487a10e,actually,277,Groceries,804.06,East,2020-10-11
f822916a-4805-42ae-a91b-80eeaee88eb6,yeah,140,Groceries,561.14,East,2021-12-15
7d6dc5bf-94c8-48b3-9667-bf45ef6f9505,upon,434,Clothing,675.32,North,2025-02-08
22fad534-a07e-4fde-acf6-4c40ed092d40,participant,496,Clothing,907.9,South,2025-03-20
381f9504-2e47-4a61-b127-b478149eb12e,goal,529,Groceries,358.36,South,2020-03-06
a25d90ae-3324-4c40-985c-dcfecdad87cb,radio,161,Groceries,27.44,West,2020-01-12
65499f30-b27d-46cd-bd03-714bb3a15c3d,list,526,Electronics,847.48,North,2022-02-28
3c4c772d-ba90-4e5a-91aa-e955ddb107e4,throw,504,Furniture,984.97,West,2025-03-04
c4453a3d-fd8f-4905-b200-aaa6c8e66de2,idea,766,Clothing,637.22,West,2025-01-25
8d577f10-c6dd-4944-bf2c-17309578b9e4,major,73,Clothing,859.73,North,2022-07-01
ef16e59d-aced-4315-bd5c-275c2c356ecd,open,509,Electronics,790.65,West,2024-04-27
c6060ef6-f563-46a6-bdc3-1028d880d76d,real,158,Clothing,544.33,South,2024-02-03
bc7f4b69-d4ea-4970-81ee-f1c55d78c72e,range,678,Clothing,284.66,West,2023-09-05
0b49f7b8-1d36-469d-874d-e21ccb2b39eb,position,221,Clothing,828.38,South,2022-10-08
772650ac-38c2-47e3-879b-6ddf4cc0088d,better,162,Electronics,340.61,North,2020-05-30
6d628b8a-8b63-42f2-b3d0-7974f88a4279,at,18,Clothing,214.38,West,2022-07-11
f503a3c9-ab14-412f-9b48-49e73ed60ee7,community,843,Groceries,967.64,West,2022-05-12
e3b8367c-2bce-486c-9433-9fb2828b17a9,that,938,Electronics,161.65,East,2020-09-06
b8e1e39a-34d0-48b6-9f05-924102d72623,lawyer,65,Groceries,641.44,West,2020-12-14
815862f0-e535-41f3-8dbe-ffa77ec62bbc,recent,471,Groceries,139.27,West,2023-12-25
aaebf877-750b-46e9-9896-8c0804ed50e4,animal,624,Clothing,296.01,South,2020-04-05
8dcc23f3-e204-43ad-860f-2b8eb041b751,hotel,650,Groceries,455.7,West,2021-05-27
85991c85-c308-4513-8567-752a50294efb,trade,964,Electronics,562.14,North,2021-10-18
d3f5b3c8-f3b6-4be4-aa4f-2fdad334e715,significant,183,Clothing,924.3,West,2024-12-04
85026887-3cfb-42a2-ae2c-5f4aa28515e3,often,769,Groceries,603.87,North,2023-09-22
99e109e0-c442-4dc5-b078-8b4f054a5f9e,manager,172,Clothing,101.07,South,2020-11-26
69f86439-5f4f-4935-bd97-05746a5fa374,word,371,Groceries,660.25,East,2024-04-04
77102a42-d024-4af4-97b3-21d81f4661d0,could,114,Electronics,285.56,North,2021-09-03
8bbb670d-c77c-45c8-816e-e028393538a7,official,720,Clothing,20.4,North,2024-10-30
f01e3988-d012-4dba-acfb-791915a15848,budget,317,Groceries,195.02,South,2020-02-26
8f9bae49-cf43-4397-8d3b-a64d6ed4b0de,artist,457,Electronics,474.53,West,2021-01-23
dbd49cb1-54bb-404b-a5e6-7176bd2acc02,trade,375,Clothing,823.52,North,2023-03-15
9085b784-0f3f-4f67-816d-3e3c94032292,leg,635,Furniture,959.12,East,2022-04-08
5064b133-8e10-41b4-9f6c-066e9d4d906a,actually,828,Furniture,913.72,West,2025-05-17
8e880273-e690-4aa3-8dc7-a2424ce9a130,require,520,Electronics,40.95,North,2022-10-17
ee81d137-e453-4db5-8dbb-c846e338b0a9,join,518,Electronics,65.21,East,2022-01-28
644ee077-851c-4a71-b48b-0a57a956cb83,while,80,Electronics,812.31,South,2023-08-18
22028403-b20d-4894-beba-0359e31a8586,benefit,864,Electronics,91.49,West,2023-07-31
818baacc-6316-4412-950b-240c05a1263f,character,712,Electronics,653.99,South,2022-03-15
5e49c9d2-8570-4a9e-8f1c-55e15bff3a15,fish,22,Clothing,833.9,South,2023-06-02
38baa604-0dbb-4354-9199-e14a17103352,believe,191,Groceries,133.64,North,2024-02-07
fdc1e8c1-6156-465f-b740-355ca43e720b,into,380,Clothing,872.89,West,2023-07-08
5d00bb01-4236-44e3-97d0-c68890ce7a86,have,940,Clothing,959.41,West,2020-12-05
4d61c8f9-6ce6-45ae-a213-0f12ddc643b1,should,186,Furniture,284.23,West,2020-10-16
32a0fdd6-2ac1-424b-96aa-b82525e5c235,three,346,Clothing,685.1,North,2023-01-10
5f5aae88-f761-446a-912a-ac71d3bea536,level,255,Electronics,752.52,North,2021-05-23
2f5ef3c4-9b15-4a80-98dd-8096bdd3e042,what,442,Electronics,270.71,West,2022-02-11
288df8ac-62df-40c2-b1f4-1ca050cb2cc3,food,451,Electronics,165.12,East,2020-01-11
959023bb-d37e-4218-8e92-ff95af73a793,plan,873,Groceries,321.72,North,2022-04-03
f3ea12cb-e805-475b-aac6-cdaf5cc9818e,according,207,Furniture,8.28,South,2023-10-04
14826607-0b4f-4a3d-aaf2-791a510d94e2,try,732,Furniture,962.13,North,2023-11-01
d0795ef3-0a2d-4fd7-9aa0-6de4aecb1655,believe,569,Electronics,134.14,North,2020-05-19
6798f098-4b05-4008-8fae-789c69922e35,stock,659,Furniture,582.37,North,2023-09-20
e51d8cd0-9d38-49be-ae66-d14cb568a98f,decade,684,Electronics,512.07,South,2022-09-11
591d0004-2ac4-4658-9a90-232b81317d9d,very,928,Furniture,556.38,East,2023-11-19
8afb023e-005a-4445-b844-8055e0796cd7,know,700,Electronics,412.85,South,2021-03-10
34f81ba6-ccb1-4a63-aa73-3f24ec86eafe,north,916,Electronics,637.68,West,2022-10-30
3e7e34ed-01a2-4f9f-89ab-1089a5b87d76,economy,451,Furniture,300.73,West,2021-09-20
4b640bc7-79b4-46bf-8a5c-bda531eba30d,rule,914,Groceries,459.54,South,2023-06-06
9aab983b-089d-4e91-a5c7-abbc8610249b,audience,136,Electronics,373.15,West,2022-03-30
1e3d6bd9-f0eb-4dfc-b5a5-7f072e97de17,point,909,Electronics,33.2,East,2022-07-03
e4274310-630d-4430-ae02-f1186914e8b6,public,843,Electronics,89.77,West,2024-04-02
52a2bdbb-6774-4bfb-82bc-5a69722147b4,world,991,Clothing,610.96,South,2023-07-19
e78c5e4c-6fc9-4af9-9f4f-084ab7418004,newspaper,905,Furniture,939.28,West,2023-12-20
1161466e-2686-4b97-b742-0dc69b04a25e,local,185,Clothing,430.48,South,2024-04-02
93ac552c-d105-4cc9-bf5d-c7baef9268f8,stop,166,Electronics,119.01,South,2020-11-18
0163d212-6183-45cf-9f0f-b9fb0bd5250a,support,754,Groceries,147.91,North,2025-04-30
be34cd64-8f49-43c6-a6c0-6eb6c3ee96b8,million,703,Clothing,928.22,East,2022-12-17
73c2d737-8b0e-49b8-b359-bb97b299bc06,order,343,Groceries,120.85,West,2023-04-30
8df348fa-f011-489b-9fa9-ba9902ccc7ae,lose,882,Furniture,82.99,North,2022-04-25
33665ab6-d7e6-4541-ad51-193029acbb70,case,882,Groceries,200.6,East,2021-08-10
7ed007a7-dc2e-48ca-9cd5-047bf86dddf2,assume,179,Groceries,576.42,West,2020-01-01
6d3b8e1c-2154-420e-a154-d961f96fcdc8,build,355,Furniture,784.56,South,2023-06-21
38f9baf9-f4fc-49f9-9ee3-445f4a198151,south,872,Electronics,466.59,South,2021-11-11
405eb6f7-765b-4e76-ba86-f8aef5834650,strategy,512,Electronics,790.35,West,2021-08-07
28a4e6df-a1e3-4c13-b3a7-759ec330085a,speak,10,Electronics,322.15,West,2022-11-01
e9d4a27e-e305-4f36-90ca-de650f0ac557,speech,411,Clothing,779.66,East,2022-05-14
670de7a0-0124-4887-b6d4-17a91383161a,account,166,Clothing,11.96,West,2021-07-20
423ac461-4649-4643-ad5e-a416bcda8c93,range,82,Furniture,756.38,East,2025-04-17
49bdc806-1a29-4e71-8905-e2770d203481,edge,803,Groceries,971.75,South,2021-12-29
444103af-083c-47e1-b5ce-d084ebcba412,final,856,Groceries,706.99,South,2021-01-05
21d332bb-0b9c-4807-94d2-2a4c23de3edb,write,680,Clothing,301.41,West,2025-03-30
77ecad6b-9b3b-4306-ab38-3ac06ef7d70b,ever,579,Groceries,173.56,South,2022-05-26
54228c38-f0e7-4426-82c0-70a2a24b6664,account,754,Clothing,35.49,East,2025-01-29
83ffa87e-b192-44d7-8350-b36f5fce3a01,southern,110,Electronics,733.62,East,2025-05-05
2e3ae4dd-e9fb-41f2-bd96-a2252607ce8d,citizen,482,Clothing,303.87,East,2023-05-02
2cfd1677-9aa4-4a18-b1a7-63fa62e82bf0,statement,937,Clothing,975.79,North,2020-08-20
47728124-350d-440e-b070-57dc01d0e3cb,letter,48,Furniture,941.75,East,2025-04-06
801918ef-cb8c-417a-8b3c-34eccbb16b17,determine,424,Groceries,155.84,West,2020-03-29
efb47758-2a03-4585-acc6-73e7b85cb3a3,pattern,728,Clothing,818.52,East,2023-02-11
ecb145c6-2ea2-40fe-a8ee-eb949d72959f,reach,332,Furniture,455.15,South,2021-12-03
7e98e22a-223b-45ae-a3ac-cf03e252aa77,each,287,Groceries,445.05,North,2024-09-26
0e7929ac-1d27-4d44-ae2a-c49e1a5868b8,realize,616,Electronics,599.4,North,2021-01-20
7341a10e-1468-4dca-8fe1-2d14ce061bf8,something,337,Furniture,144.63,South,2022-10-08
1f9cbff2-769c-40e5-883a-87341e36d2ab,red,398,Groceries,12.99,South,2021-08-17
1c5c9400-d01c-4339-abf2-f1a9009cdb94,choose,3,Groceries,412.28,South,2020-12-04
780aa8a9-ec54-4cf8-91b0-3dcb47083644,magazine,559,Electronics,913.55,North,2021-07-26
0a987275-b25d-4ff1-9798-5c4d281f2a11,take,408,Groceries,370.06,East,2020-07-09
a833c89b-e886-4f08-94f8-56f66dd015d4,none,453,Clothing,630.5,West,2025-02-01
75c9454e-b9ef-4c30-b5ce-b490f7da91d9,everyone,608,Groceries,16.36,East,2023-08-23
c85dd323-f40a-48b7-b1d0-af239a5f5906,create,272,Groceries,993.93,West,2020-10-16
0b9071f4-2ea0-43b7-9838-e785566ab22a,science,454,Clothing,829.92,North,2020-12-24
e052d21b-81a3-4625-838c-d958a6784249,seat,245,Groceries,132.37,East,2022-07-26
b9b40d5b-605d-4185-b21f-5147529c7d3d,be,83,Electronics,350.28,West,2022-09-10
59018b83-b418-4911-9cbd-6d581d6ed9f2,state,907,Electronics,90.96,North,2023-12-31
40319ebc-24cd-4bfe-9d04-ba205366653c,article,84,Electronics,576.01,East,2021-11-01
655b7edd-1c91-47dd-8223-6bf72776fdeb,rate,571,Furniture,948.27,South,2022-05-07
420e1829-9874-4fd9-916b-7558f4312392,set,633,Electronics,628.28,West,2020-05-01
c6caf0f4-c35b-4832-bd02-50d76a29e5ab,budget,91,Furniture,798.94,West,2023-06-11
f49b779f-0aa6-48f9-b626-e81132e6d624,recent,469,Furniture,86.91,East,2025-03-06
f4b06d55-a4cf-4526-92ce-363496449412,continue,352,Clothing,209.86,South,2020-02-03
112aca71-e183-4f1c-9a59-5f5b9dcb085a,culture,891,Clothing,261.24,North,2020-12-19
fb4aeb45-72a8-49d1-a304-924e74d148a1,my,686,Electronics,169.48,West,2021-04-06
689d4181-ee9f-4891-96f7-e981ffb4c9e3,role,487,Electronics,550.66,North,2020-02-13
1e551c43-e729-4fe5-87ac-61b9eaee2b4b,method,929,Clothing,120.98,North,2023-12-18
45f96569-674b-42c5-ae7b-9218a1c3889c,you,503,Electronics,933.1,East,2025-01-06
d614bc77-8e64-4bb2-b09d-3e62a83aa8a4,expect,313,Electronics,868.84,East,2023-04-13
4ee72533-4bca-4042-92ac-1a0b090bc617,today,672,Clothing,811.48,West,2021-05-19
a5e5810c-74bb-4f31-9266-133beb6c23d7,husband,773,Groceries,743.57,North,2020-02-13
13891023-9412-49b4-afeb-5b2919f3bfe6,make,934,Electronics,724.35,North,2020-07-18
449e8865-2317-4644-a24a-91945c231082,herself,487,Clothing,123.38,South,2025-04-24
9227f2ea-4e6b-40da-81a1-9a3a188739d0,nearly,972,Electronics,449.17,North,2024-01-03
9828b576-14a3-4123-a083-9f6665572f41,full,37,Groceries,665.02,West,2025-04-15
a742ed69-0162-40c6-95c2-420cbd05fe69,administration,197,Groceries,883.76,West,2021-01-10
222d1e60-8543-4fb6-be34-205386db443e,must,334,Electronics,902.03,East,2020-11-12
40a1bffd-1127-41c4-b739-89b69c15511c,indicate,603,Furniture,63.5,West,2024-08-27
e051d734-563c-4729-8a44-8b5d87af3bbc,professor,69,Clothing,388.91,East,2021-11-08
fa7d847e-abb5-473c-958d-c05fd4ccfd42,certain,34,Clothing,736.47,North,2023-12-15
80563192-d1eb-4066-9562-559681899db0,dream,750,Furniture,934.37,South,2020-03-02
703ca09e-5b6c-4613-8a73-e22dc61e6db8,plan,992,Furniture,12.62,South,2024-07-22
0f76ee9c-6d99-46bc-961b-bd22b3726e89,charge,706,Electronics,6.76,South,2022-05-14
c98248e9-53ca-44f6-9778-1ef88c07ee12,prevent,59,Groceries,569.01,West,2020-10-02
5338d628-b0da-4221-990c-ff1b625176a3,beyond,740,Groceries,159.3,North,2023-07-31
b4711e3d-1cb0-414b-97d0-433770973822,after,301,Furniture,812.5,East,2024-04-22
92765cd5-d386-4102-9a2a-7ae3f6e15a72,or,667,Electronics,946.22,West,2025-02-28
236a3a1a-ef71-43aa-9ccb-3dfc2d49cd5c,do,911,Furniture,919.38,South,2022-02-16
f230379d-b656-4b8c-8d9a-bbf7bb94e3ee,program,374,Furniture,572.74,South,2020-05-22
d81ecc6a-26b4-4e3d-ab59-1c7a398d7375,little,398,Electronics,266.4,West,2022-08-28
f8e34e5d-05d8-405d-8e52-92fb36a3533d,quite,907,Electronics,964.22,East,2022-05-08
85739372-59c8-4e9b-9bdb-4e205d6c5e08,then,623,Clothing,291.26,South,2024-02-04
ff3ca3c0-2513-4ea8-b15a-bc9768f7bf96,too,974,Furniture,181.62,East,2022-03-10
24773aae-9ae9-4c48-a9a9-110083e0be7f,hour,86,Clothing,456.52,North,2021-01-12
4645ead5-99d9-4c3d-a9b3-0d7407298859,join,731,Furniture,809.41,South,2020-02-03
c54489f8-2a8b-424b-891d-a0ee05275597,government,489,Clothing,799.64,West,2020-03-13
5c6ab884-0f15-4133-9779-4ae6cafd0696,somebody,670,Groceries,77.9,South,2024-09-12
a12ff81d-4854-466c-ade0-f2c5665ecc6c,month,925,Furniture,668.49,East,2020-12-07
1e8cf76a-2fab-4697-a242-b7993f6a3fc0,share,392,Clothing,762.47,West,2024-07-17
73bbfe5a-e63a-4371-ba3d-0e54b7fd28bd,seem,767,Furniture,444.03,West,2024-01-03
549c5018-cd28-4b47-9037-0b326245e134,listen,190,Electronics,847.36,West,2024-03-07
164ebd50-32eb-4da7-a5e1-a0a3f774af16,him,966,Furniture,113.96,South,2021-05-24
1e656434-fde5-47b2-9df5-102488a899de,finally,541,Furniture,242.12,North,2022-12-11
e27d7c37-1e1a-4803-a96e-a80227ec0442,too,583,Furniture,898.97,East,2022-06-24
2968b2a9-0110-4d5e-aa71-ea85d3292315,Congress,101,Clothing,381.29,South,2020-09-05
b993abd9-5999-41b7-947c-47805ad6bf96,daughter,597,Furniture,372.28,South,2025-04-01
6f8e8a2a-b914-4296-ac10-ddc425de0dfa,official,635,Electronics,275.35,West,2024-07-16
b9138d8a-35aa-4920-b03c-a6d253877a9b,property,244,Furniture,194.86,East,2024-06-20
43888b1e-2cd7-493e-940d-b56e0f283c32,central,487,Groceries,175.68,West,2022-09-07
0708e3da-dc35-44f9-8609-aaf67ac25108,adult,800,Groceries,137.8,East,2024-07-12
e838ae8e-8a45-4a9b-a659-1c3a9f5deb72,physical,692,Furniture,64.02,North,2022-09-22
7631b784-d52d-45af-b988-c2ccdcb94f12,paper,580,Groceries,390.7,North,2025-01-31
b90db359-aa28-40cd-a3ea-56b03ad9cd24,bag,859,Clothing,865.31,South,2023-01-27
8d6459d2-1f9a-4ad2-8c8f-8f2b2bc2fac2,early,747,Clothing,793.29,North,2022-05-09
11282a89-51d9-4449-a123-09fbce152db7,author,248,Electronics,255.51,North,2021-03-04
3a5a5a64-b5b1-40f7-ba09-51c56cd949fe,sure,693,Clothing,654.95,North,2020-04-20
e8d67c5d-3ce3-4015-a344-b429cf4424ff,student,163,Clothing,91.05,North,2020-10-01
25c91817-83d9-4650-aa25-4573038a2619,at,9,Groceries,529.48,North,2024-11-10
224478f1-148f-479c-8ec4-3f132a161cb5,rich,659,Furniture,350.89,North,2021-12-06
aeb57cb3-fe31-41cf-a631-46163b4f915e,president,897,Furniture,763.88,West,2024-11-23
446f1924-4d2a-4e53-a2a2-991efd579244,relationship,71,Furniture,89.67,North,2020-11-28
0ecacb92-3701-4a62-8f73-2f98cacedc91,form,923,Furniture,330.23,West,2021-03-18
94831de1-508d-4dcf-bf1a-7a19e3b816f4,onto,290,Clothing,117.02,North,2021-03-27
d706a3df-c059-4fb7-a7f1-670a923b7299,financial,89,Electronics,898.79,South,2023-06-06
1b8c6d5e-5d8f-4f42-b199-c4eaf83eeb36,cause,388,Groceries,408.38,East,2023-09-03
f37adb63-91d4-4d30-8b59-d168d4e342e8,rest,920,Groceries,474.74,East,2023-04-06
681f9d95-9361-404d-a7ad-26e8c13f9a6c,both,21,Electronics,325.49,North,2022-03-31
a5b357af-a40e-484d-9858-ea2319b19f08,always,631,Electronics,416.02,North,2020-06-23
d76b703c-fd6e-41c4-9a02-a181523f6453,yourself,948,Clothing,783.6,East,2023-03-14
fbb06283-b6be-46c6-b572-2630048035d0,same,491,Furniture,21.32,North,2023-09-24
72adcb8d-c70a-4eae-b97b-b547dd4ab8e6,heart,88,Groceries,564.87,East,2021-10-21
bcbd9ad9-c316-4291-85ec-7606cba0d47f,allow,503,Clothing,602.96,West,2023-05-29
a72d66d9-80d7-43ec-8da9-5332d9d8382c,daughter,479,Clothing,292.02,East,2025-03-31
9e3e00dd-77b7-4fbb-bd17-f6c8475bc989,peace,360,Electronics,413.3,North,2022-04-05
4cf21ebd-606e-41bc-9374-c80cf6b36959,serve,88,Groceries,708.54,East,2020-10-04
135f4c2d-22fb-4ed9-a461-46261cd6f462,situation,995,Electronics,557.71,East,2023-03-18
7c91408e-5b14-468b-aafe-81ea1dc5dffc,myself,433,Electronics,24.01,West,2022-08-26
a0a5eb2d-dbe8-4965-94a1-eb70ac11a498,level,332,Furniture,89.55,West,2024-09-11
2d14e359-8fd9-41c8-a7c0-a478009558d0,crime,603,Furniture,18.79,South,2025-03-25
4b8ad8fe-36ed-4efa-b353-11fa4320511a,enjoy,263,Furniture,373.32,East,2024-02-01
94088566-4f44-4d6e-b863-ac21eceeb162,stay,996,Clothing,284.21,East,2024-03-22
b4674018-f709-4060-96df-9fac77396749,light,210,Groceries,418.99,East,2023-04-10
1e886752-ba3f-4d1b-96c8-e6f26617cbe1,upon,921,Furniture,987.33,South,2020-10-31
13931687-5e4a-49e5-84de-bef8d1da2fb6,one,628,Electronics,809.61,North,2022-09-09
911a03ae-4b08-41c8-ac2c-5278ed33454b,material,274,Clothing,545.51,South,2024-02-21
8b8efe5b-b250-452f-9e4a-4be757dc0908,language,975,Furniture,168.58,West,2023-08-02
9444c2e8-6e80-442a-a92d-0d67b48a8898,small,650,Clothing,675.01,East,2023-08-31
8f908623-0c86-4316-99de-9c0f1a3af046,we,353,Clothing,774.03,East,2021-05-21
9924faae-e85e-440e-82d4-489bb17612c7,car,986,Clothing,352.46,South,2021-05-03
8f9630b9-9226-4341-9ef8-a3af4d80d15e,shoulder,823,Groceries,289.79,South,2020-07-18
15b60128-cbaa-4c90-b555-8a8014349b2b,collection,261,Electronics,729.61,North,2023-05-03
756a1ece-de2e-45df-ade1-434416cf8ba8,total,689,Electronics,328.18,South,2025-02-14
d9dc060b-c527-4b97-b933-e432f6c9138b,large,424,Clothing,596.0,North,2020-05-27
d25df028-0bb2-41b4-a8b1-4d1bb961f12c,product,665,Groceries,477.87,South,2024-11-13
8faa59d9-71bb-4971-86b4-8298a104521f,whole,345,Groceries,107.97,East,2022-04-29
918ee56f-e199-43b8-b34a-7c2a8c933698,also,921,Electronics,183.13,West,2023-11-16
097db814-a7b8-4119-ad33-52908fe8dce7,later,580,Groceries,634.73,West,2020-07-10
26f16568-1a1d-45b3-a72a-eb9e94ce74bd,the,242,Electronics,619.12,South,2021-02-03
ef0daa61-ec63-4197-8153-fd2f26e165e4,tax,821,Clothing,747.97,East,2021-08-20
c57783dd-d5c0-4ce5-b3da-be19cf2ed46d,half,229,Electronics,245.59,South,2023-11-14
76760f9e-00bc-41a4-b658-f5a66df52e43,bill,49,Electronics,624.03,South,2024-03-26
3424f390-8c5f-4105-9926-42995313cf34,project,466,Electronics,271.52,South,2020-10-16
376b17b9-e073-43f4-9b54-8b077162f99d,thus,422,Furniture,732.97,West,2024-11-04
f20b0a6d-8f11-4264-a0ca-3e21cdc26036,can,844,Groceries,269.46,South,2023-03-28
9dbae506-5663-46fa-85ec-535b48671a46,ok,503,Furniture,12.84,West,2022-04-12
35452322-878c-414d-9f6c-8349678511b8,blood,5,Furniture,226.88,North,2025-03-20
77f602c4-cddb-45df-adee-d76276047465,finish,737,Groceries,7.29,South,2023-03-10
6dbf50c1-56e2-46a4-9e83-b3f5f340aee4,often,496,Furniture,941.69,West,2021-12-17
79c66234-e280-4080-aa05-2991cbea33f6,hour,833,Furniture,109.77,East,2022-07-06
9ca4bad3-a9ca-4d81-8cd2-e30780878f36,walk,528,Furniture,785.41,West,2023-08-12
03769485-629a-4e93-a853-ddb5f170c371,stage,799,Clothing,642.61,West,2023-05-18
5a7279ea-fa28-40ea-aa24-cf51ca83f68c,black,556,Furniture,904.93,East,2020-06-10
95df7ebc-9d5e-44c6-aa4c-54833c4d018d,agreement,855,Clothing,102.74,North,2020-09-12
b7730aea-265e-4824-be32-243211e743fb,line,872,Electronics,939.97,South,2024-06-07
dd2569b8-e7a4-4c54-ae0e-de7a34dac6cd,performance,515,Clothing,381.84,East,2020-12-19
679d7ed8-585f-41f9-ab5f-ec63e2c09b0b,son,679,Clothing,937.76,South,2023-10-01
3f910e29-fadb-4bac-a567-ad42675b60bd,phone,754,Groceries,205.41,West,2022-02-21
a137b1c4-c726-47f0-b9be-e93ca7f15e0e,long,335,Clothing,864.74,North,2020-09-19
74461087-38f7-4a74-af9c-fff30777fbf3,manager,26,Electronics,10.9,West,2021-06-03
d14b5b8b-a673-4f1e-b827-c663e8277ce6,stock,929,Groceries,62.17,South,2020-06-17
5d21a5b9-c993-4881-8083-9a12adc87d4d,American,252,Electronics,416.09,South,2022-06-27
5e0f06ad-5336-41ae-a0e0-b0a5559f4dc2,voice,576,Groceries,231.89,North,2020-12-25
37ae247e-9432-424a-bcb1-487b8691e0a3,almost,498,Groceries,514.13,South,2021-02-21
f191363e-d24e-4c6b-bbd5-97fd4d478ace,part,741,Groceries,532.46,North,2023-09-03
38327310-2004-4649-9798-28f852ff50b4,leave,196,Clothing,336.88,East,2021-07-21
1958e910-8d6e-4e69-abd3-7bcdf65b0654,half,188,Groceries,134.43,West,2023-04-12
bbc5c667-17ff-42c9-a649-bee6eaa9e593,have,382,Electronics,344.84,East,2022-08-06
805b67d5-8d95-4cd2-991f-9365f890f9ad,own,729,Electronics,566.27,West,2025-03-06
911de0a8-6537-4ea5-8ab8-6de53bd29f03,special,947,Groceries,258.98,East,2025-05-09
553d3fbd-e9d3-407b-a2e4-37d005ae74a3,south,170,Clothing,449.21,East,2023-04-06
5ce223d4-33eb-403b-968d-b8dddeb12c72,road,536,Clothing,121.53,North,2021-10-22
1e80fdc4-9146-4a8b-a980-94cf110749fe,fall,878,Clothing,415.34,South,2020-10-30
73faf426-2840-45ef-b6c8-1a40e328e72b,really,111,Electronics,503.39,East,2022-11-16
633d0a64-6c29-4d8f-9ded-89aa9e000ad1,teach,237,Furniture,639.32,West,2022-02-23
c8b889bd-8ea5-47ca-baa0-18ea1107e48f,war,553,Groceries,902.66,North,2021-12-14
9af901fb-c370-4308-bb61-537a91a0f874,should,621,Clothing,824.58,East,2023-11-02
8332fe32-cf7f-455a-a970-ad8ee583c212,central,437,Clothing,688.4,South,2023-02-05
11382f5c-fae9-49f2-aad2-c81e5c3e6784,rich,258,Electronics,247.93,South,2020-03-09
77dd9acf-9ad7-469f-9361-3c1776e29979,government,151,Groceries,48.79,North,2025-01-11
5c16d81e-ff7f-4f6d-8d8a-d273a875efaf,them,738,Electronics,965.64,West,2024-09-17
e37dc72e-6874-4a1d-a435-5ed3d72a1235,main,477,Electronics,773.54,South,2020-04-28
ba12a4ca-85c3-4903-860b-4504c21d0122,within,733,Furniture,321.98,East,2024-01-11
c33b987d-66a5-429f-89be-85cfd51b1bf3,his,646,Clothing,98.03,East,2024-05-30
314c67b8-2647-4d31-8525-d77bdd868991,firm,639,Furniture,77.03,West,2024-06-19
b752bc54-3c33-45e8-bcce-f9e85fb8b370,deep,33,Groceries,663.7,East,2020-03-18
fc336c28-056d-4da0-b707-b193d0b78f6a,easy,12,Groceries,350.25,South,2022-02-04
2b1cb324-b40c-4ef8-ad78-897bb0b96fed,maintain,890,Clothing,872.53,East,2024-05-13
096265bc-3822-4f4d-9c29-9bdfe61b5b75,yard,483,Furniture,944.97,West,2023-10-27
1ea46851-9422-46ea-b640-2cae7b96d2d3,population,682,Clothing,689.88,North,2021-04-01
001b7fd6-6d5c-49d4-8f12-77b7270ab93e,play,461,Electronics,193.28,West,2021-12-24
0a2fecbe-b3bb-4187-91dc-98cc03e830e2,condition,730,Furniture,157.4,East,2021-04-03
55072cc5-a04e-4012-9e14-07d467a75bcc,small,748,Groceries,610.54,North,2021-06-13
afa667f3-e6c9-433c-bb2e-217394fe586b,look,901,Clothing,24.19,West,2024-05-03
de771c97-a967-4b06-af7a-eedb725308e0,industry,233,Electronics,439.43,East,2020-06-28
d0161507-ca5a-419a-8fcf-8c9f98faf112,official,438,Clothing,439.3,East,2023-01-26
443defbe-c59a-4254-8267-1ec9eead7bf0,guess,975,Clothing,889.1,North,2022-02-18
776c4069-5e99-44fc-9f4e-afaa3aa3df49,bad,595,Clothing,150.17,East,2023-07-08
e73d7bbd-c24b-40e4-8116-53af994ee58c,boy,958,Groceries,288.7,North,2022-09-08
8d8e0b6a-3999-44e2-ad89-5582ef8ec7a7,rate,657,Furniture,80.83,East,2024-05-29
078d214d-eb7a-4c21-ad8d-dc046a358c98,amount,929,Clothing,117.12,North,2021-12-17
d177620c-9fb5-4383-a39e-79f7521e2069,hard,202,Furniture,516.72,West,2021-04-10
f42b225c-b9cf-47ed-9a52-b53ee7fc0b35,oil,360,Electronics,669.58,North,2021-02-01
3e196f6d-7ea9-41ad-9bf9-b8317b2cdf93,teacher,629,Clothing,557.09,West,2022-09-04
da57bb84-4269-411b-9e8b-3f2293c2c510,such,751,Groceries,466.92,East,2022-07-20
22ca56e2-d270-4faa-ba58-e61cdc837848,number,439,Furniture,999.68,East,2024-11-22
15265bdc-a7a7-4555-a8be-bc6f44ea2d83,president,470,Electronics,724.85,North,2021-12-05
3f2f94cd-4fcb-4852-a35c-5d17032ed300,section,824,Clothing,233.55,West,2020-12-15
fe6a1b71-7a71-40fc-a625-33742ea23554,billion,681,Clothing,694.44,West,2023-05-31
349345ec-9f27-4144-82d2-fcdce4670040,citizen,693,Electronics,154.16,South,2021-12-12
819cf6a0-cec5-443b-a044-4337f1a1b81d,piece,40,Groceries,858.66,West,2021-05-15
68dc0716-d3e4-4594-98f5-7a388642c11d,improve,288,Electronics,876.27,West,2022-10-11
978d3aea-85c7-4cfc-bd86-c34c8663790c,there,505,Groceries,922.92,East,2021-12-29
10f256fc-5c1b-45a2-a5b2-6427b891ceb3,meeting,667,Groceries,409.65,East,2020-09-24
baa07bfe-5e53-4bf0-b401-7a93b53ec57b,station,251,Clothing,377.06,East,2024-08-10
bb6e1011-7544-4247-afd0-f96d71648246,certainly,211,Clothing,297.41,South,2023-11-19
bc99a199-9227-44cb-9fe2-91394c2e3ebf,role,942,Furniture,620.59,North,2023-12-16
719eb8f9-dec3-4fe7-aa8b-721d97780c2f,course,818,Groceries,161.54,South,2025-03-21
a48abcb8-f5c8-41b2-b4e9-f92315b068fd,artist,585,Furniture,585.04,West,2021-08-20
e4444e1b-ecb3-483f-9cbb-074379e23eda,he,253,Electronics,31.54,West,2020-11-01
7ed14f55-1d0e-47c4-9315-013f8ab3b353,health,812,Groceries,851.65,West,2023-10-03
2c832e19-3027-4997-9688-b975023985ed,agreement,714,Electronics,635.16,North,2025-05-05
0e282ce2-5496-4aa5-a86f-91eba87b57cd,safe,158,Clothing,10.29,South,2020-12-26
dd9ae8dc-3303-4a2d-8561-b16b151c42ab,play,446,Furniture,745.03,East,2021-02-28
294d2ced-56ca-473b-a4df-3dcd55bdeb88,market,235,Clothing,957.96,East,2020-07-14
241e9391-403c-46b2-b55e-50740f2fdab6,little,761,Electronics,605.32,West,2022-03-28
f56204e8-c163-48f6-bec0-fa6aa7178c13,take,528,Groceries,995.1,North,2022-05-19
b0954149-4f07-4e8f-8ed4-ff9ea2f399f3,program,534,Groceries,502.75,North,2020-02-02
a4b5f3d4-8462-464f-800f-58a1f04f23d4,will,673,Furniture,348.17,East,2024-01-30
9f9b363a-cd12-4fb7-93f0-c2eb05dca7b9,last,565,Groceries,757.47,South,2021-11-29
58a466f1-af5c-4733-9158-6c124e9d219f,culture,440,Furniture,216.6,East,2023-12-18
3e4ba818-3210-4619-b9ac-9ed34b56def3,this,13,Electronics,256.49,North,2022-11-21
828d56b5-b903-4330-a752-95880dd54fa8,significant,174,Electronics,860.75,West,2020-01-26
9cf8fb9d-3ced-4ce3-aa1e-0d7c67c280c0,where,146,Clothing,484.47,South,2021-09-15
4e4921f0-ac6d-4e6f-b05f-f7868ab4d019,truth,28,Groceries,433.07,East,2024-06-04
bc66f936-aed9-4673-aeae-f24530ad335e,type,290,Groceries,218.02,West,2022-01-16
226ccf38-08cf-40fc-b99c-41f7e983ae0b,pressure,766,Electronics,59.42,North,2025-03-29
ce926a4b-4d93-44d7-b39d-7b7e3ace340f,hope,293,Groceries,997.98,South,2024-06-01
01cf56e4-91b1-4f8b-a4eb-f178a535bd2a,sit,890,Electronics,100.41,North,2024-10-13
54b46f10-839c-4216-ac7a-71e27e496d69,very,120,Furniture,260.46,West,2024-11-25
7fdbf082-b594-45a4-a030-3e100fd05d02,list,284,Electronics,310.96,North,2023-05-17
7345b1aa-c515-441b-8c4a-b5752250b7e0,face,421,Electronics,454.88,West,2024-12-30
8d6c92a2-05eb-49cf-9077-8a65aa3a067b,record,173,Electronics,256.26,East,2022-05-30
7f0404bb-f3aa-4705-a165-9f80990806dd,central,426,Groceries,527.2,West,2024-08-27
2daf5296-1670-4726-b5ce-c4769e8df506,support,630,Clothing,534.6,East,2024-11-02
66e83aaa-9c43-4165-a2c7-bce5838f151e,war,437,Groceries,927.32,East,2020-12-09
348c6475-2f9d-4d0f-a647-3f797ec1008e,she,253,Groceries,925.66,North,2023-05-24
9a72d1b2-70e7-4d61-9cb3-2211295c0d27,raise,876,Groceries,993.16,North,2023-02-10
c3b3a6fb-ef3f-41ec-a9cb-1732422b059b,even,69,Groceries,106.88,South,2021-08-13
8b6be97e-8e55-491e-b6fc-611d3c9eb7cc,structure,960,Furniture,534.94,West,2023-11-17
2e95ee45-fc24-4692-afd7-db647945e709,over,625,Groceries,801.88,North,2020-03-22
d02a80ee-3d41-49af-820b-a3388f8da64a,especially,71,Electronics,581.24,North,2022-07-29
7024b6e1-6494-49ea-bf52-6a0a089d24e0,old,459,Electronics,558.1,West,2024-04-27
666b259c-3051-475c-bbf7-5a0262db71fd,much,471,Clothing,131.27,North,2021-02-25
41c0153f-95dc-41b6-bbbb-db0714cc5102,necessary,396,Electronics,788.18,East,2021-05-26
699b443c-ebba-4a43-a6f6-3e57029b60e4,evidence,327,Electronics,581.16,East,2024-08-22
7fedf034-2ae4-4ae9-88e1-d4b6be8cd408,reach,680,Electronics,879.25,North,2024-03-14
c3f45a4b-3b6a-4343-a989-efad0cd7c70c,sound,356,Clothing,41.94,North,2023-12-04
a5544b0f-d2dc-4b0b-a417-997b12d9735e,eight,658,Electronics,563.86,West,2020-05-04
cb99798e-3557-4e55-ba07-3ad033b3e83c,family,134,Electronics,243.32,North,2020-01-09
6a6571ef-f947-4b0f-9ab5-393ebb1a3471,purpose,910,Clothing,288.0,North,2023-11-24
1fa7a4da-7b9e-4887-8da7-7a879fba49f2,last,823,Electronics,677.68,East,2021-03-05
fa2ff355-26a3-4391-a4f7-e5ac0e50e391,share,741,Electronics,170.88,South,2022-07-16
c8d7b6f1-db44-4cba-a596-a32b8ae68bcb,field,495,Groceries,262.09,North,2025-05-12
35866afb-d7b4-40f0-83fd-29359c6ab79f,always,422,Clothing,567.82,South,2023-06-15
d2d1251c-70b6-46ca-966c-86558d195940,father,634,Electronics,44.38,South,2022-04-18
6528810e-5def-4b70-9eb8-1d56f7c9e2f1,service,786,Furniture,873.21,West,2020-11-30
36153db5-b026-401c-be52-6bf3cfdd2dbf,meeting,702,Furniture,830.21,West,2022-07-11
166eece6-9ee7-412a-ad4a-78730d7bce61,avoid,603,Clothing,765.46,East,2021-06-19
5c7aea40-4f2b-4664-8210-2049962e4cb3,rather,131,Furniture,707.76,East,2020-01-28
1c33fbc1-06f9-4ccc-bc3e-b78ec1c91a62,race,815,Furniture,184.49,West,2021-10-06
99f2878e-3ccb-4d32-8dfd-40de6f631418,friend,757,Furniture,790.2,North,2020-03-28
6f592af5-86e7-4ba4-85f8-23843671529e,economic,676,Groceries,131.69,West,2021-03-13
ec78e348-4a2b-4d77-a35e-af3914b121aa,heavy,134,Groceries,172.4,West,2020-08-09
9409fc7b-67ab-48a1-9a6a-46c3969f0eb7,young,994,Electronics,855.91,North,2023-06-15
b512b373-6d62-47b1-9979-cecf23c60759,see,666,Electronics,792.08,West,2023-05-14
5dc43a3e-f711-4063-ae3f-a9b6c2d1ce1e,hit,961,Electronics,143.96,South,2020-02-10
468074ad-b351-4344-92a0-4c22dd77fd6b,drop,442,Clothing,320.54,North,2023-11-14
6385332e-ccc9-4b12-b1cb-2217c950fc8d,three,78,Clothing,806.55,West,2023-03-10
8c967e54-bd32-4543-9486-3b85a8b83dad,maintain,735,Groceries,688.6,South,2022-10-01
d4013c04-59b9-41a7-b818-852f3c7d4cf6,to,184,Groceries,876.35,South,2022-10-13
c61cd83d-d829-40c4-943f-34461b8a54d8,politics,272,Electronics,554.98,South,2021-04-13
86641924-a71b-4697-b3a2-b01c58883392,work,293,Groceries,594.66,North,2022-02-19
d3507472-47ba-42b5-b2d6-d30b50409560,push,574,Electronics,553.02,West,2024-02-24
2d4d1143-dee9-4bd8-a664-63661115a911,book,982,Groceries,760.71,West,2023-11-06
4ea55860-7a59-4342-b2df-3efeb5fe4529,wide,640,Clothing,539.16,West,2024-07-03
56a81967-7800-4315-9000-a7159329dcd8,alone,559,Furniture,123.88,North,2020-06-13
fb5840a3-3156-4e1f-a1be-fd661c41999f,be,346,Clothing,260.45,North,2020-03-16
d5a837c4-149b-47b6-8a1d-e65ec793595b,father,723,Clothing,338.57,East,2024-05-13
92653873-781e-41f9-b32f-8f336335e60b,ask,481,Groceries,904.85,South,2022-02-05
bae1db5c-9311-40cc-9bde-2b3e0e4b023b,structure,451,Electronics,434.84,South,2020-12-15
64de2d92-49fc-45b0-9e6a-a3b8ed86e3f0,hour,446,Clothing,446.71,West,2022-08-02
2b6ff521-288c-4469-a3cd-4346319332d2,music,423,Groceries,258.77,South,2020-10-28
0de7a584-1451-498f-8f7c-78233815b819,TV,848,Clothing,510.6,North,2021-07-09
62e0dc95-f858-4622-80f2-d81f7b9d6dea,letter,870,Electronics,526.83,South,2020-04-08
9a91c5cb-3b42-473c-838a-d28c2890fca2,join,531,Clothing,929.06,East,2020-01-01
2a8d4599-42c3-40db-956a-e7e6b33c9af0,another,849,Electronics,57.43,East,2021-05-17
e303a0b5-8755-405c-8e58-333052a338d9,free,874,Clothing,928.1,West,2022-10-23
3c04717c-5fa7-4ade-8963-e6025d7b1e29,newspaper,58,Clothing,757.65,East,2022-05-30
18effdac-26f5-4323-975c-ec1dc8fa54b8,response,236,Furniture,242.34,East,2024-09-09
89537efc-72d7-4b35-b4cf-52b6dd33fadf,soon,314,Furniture,510.18,East,2024-12-09
7509dc61-03e7-4174-a900-b69d3151665b,concern,410,Furniture,294.81,West,2024-12-13
2cc7bfc8-e305-46ac-be47-0dab10fb8097,serve,401,Groceries,82.12,North,2021-05-10
df9fae78-06d5-4d9f-816c-8f4b06e08667,arm,851,Clothing,687.24,South,2023-03-22
29ee8bd9-b41a-4d9c-ba9a-f80254c23b33,measure,175,Electronics,986.73,North,2023-01-05
b0b1a43e-45e4-48e2-b6cd-f7e354dca4a2,resource,232,Electronics,766.37,East,2020-10-03
a8c41804-44f9-46bd-8d48-18048b3584ba,person,740,Furniture,730.06,East,2023-10-24
e6d05449-a062-4924-b4f1-33f12d5ddc94,environmental,21,Furniture,951.53,West,2024-03-25
e4247e27-69b2-4f81-b144-11a566e6eb49,price,885,Electronics,920.42,South,2022-03-27
d834bf7c-86a5-4b28-86d4-bf0ead2a12d3,forget,354,Electronics,192.29,West,2020-03-30
4dd1ec3f-c87e-46f8-9777-f893bc07c077,a,878,Clothing,48.67,West,2022-05-22
c3c23644-7542-413f-be22-48a6e59e27c9,machine,444,Groceries,549.08,South,2020-03-10
2e1a901d-066f-4392-9fac-ec1ebef0707f,difference,920,Clothing,268.5,North,2025-01-16
33f8ee11-15b5-498a-be6c-e5c92b8cf20a,dream,995,Furniture,736.16,North,2020-04-06
17d8c24d-0987-4d4c-b080-c4a9dd34bbc3,again,571,Clothing,443.3,North,2022-08-19
1f9d74a0-8cf0-4a32-b009-41fa7841a603,base,633,Clothing,568.45,South,2024-09-06
c86709f9-b30b-41a5-a766-51f484b88b21,safe,824,Furniture,743.52,South,2021-12-09
cdd87460-8a45-43d2-865a-931cd09c927e,note,345,Groceries,247.64,East,2024-12-02
272eaa81-9c1a-4fad-8c53-2199922be64e,value,462,Furniture,882.35,North,2020-01-31
9e66ea5e-ff02-4bcf-9e49-fb72c402d0fb,necessary,937,Groceries,234.1,East,2022-10-13
125fbf0c-54af-4c52-9fc8-235eac25c9a7,star,5,Furniture,286.48,South,2025-05-24
aa54be66-aa8d-4663-b645-bd8de8c4a907,defense,515,Groceries,410.01,North,2020-08-30
cd54ba87-1a6e-48d4-bbef-3269ea0afca5,first,500,Clothing,926.15,West,2023-08-30
b4629f60-edb8-426c-bae2-890ada25a2b4,establish,795,Electronics,318.45,East,2023-01-12
ab7d8226-894b-403b-a447-6e0a030c1abb,reality,873,Clothing,22.08,South,2020-12-07
84712bb5-2c36-446d-97c8-0c03d722d7f2,keep,746,Furniture,160.38,North,2020-11-06
9a784715-498e-4e5b-b64a-6630d351165f,sport,280,Groceries,933.21,West,2020-05-05
0ce03237-96a4-4a3d-a815-8156b4398cf1,hour,851,Groceries,413.66,West,2022-11-06
26825343-76b5-4a2c-8309-46b855840eda,send,145,Electronics,713.59,East,2020-04-04
e5bb7eda-e7a3-4e68-ba78-83d0cbb788fa,close,130,Clothing,50.69,West,2024-01-13
4f5d386b-35ac-4e7b-9098-0c2ecb58b366,cold,441,Groceries,284.52,East,2021-11-04
08839ab8-eaf2-4c80-bf0c-f35453695e1d,leader,468,Furniture,958.64,West,2024-01-30
6063925e-2508-44f2-bc8f-f16ba82fb304,argue,784,Furniture,352.31,North,2023-10-08
55166dfd-6bd0-4d74-8d59-5d75834d78dc,region,520,Electronics,615.69,East,2022-04-13
67e7ae99-6f37-43b9-a607-59ec34256cf2,wonder,498,Clothing,645.87,East,2021-11-10
292d478b-9a7c-4775-bd82-f71a09e88956,coach,121,Clothing,394.87,South,2025-04-27
017b1d43-0880-427d-89c6-7919bce99668,choose,691,Furniture,104.89,West,2022-04-03
ed38ab40-3d59-4ce6-bc9c-ed9658ac7290,program,953,Furniture,446.27,South,2023-05-17
9c49d542-5d35-4a3e-b38a-4c83f9e6b7b5,whole,655,Clothing,766.83,West,2023-03-29
b3bd1854-f164-4175-9ea2-600628b40c74,cultural,771,Furniture,164.83,East,2024-04-09
c43fe950-443e-4380-97ff-170e6e163b1b,ask,38,Clothing,330.58,North,2023-04-22
157c3bcb-5e53-48b7-9bb3-582990b5c798,leave,671,Electronics,325.61,West,2025-04-17
bed62bee-01ac-4a52-a3a8-94b0b3cb0c6b,central,212,Clothing,874.32,South,2022-08-15
cc87e391-d606-4e30-a2c8-5d2bdd7f1495,ready,20,Groceries,187.03,West,2021-06-09
c2b67c17-7996-4328-8364-5954708d0e7d,financial,798,Furniture,347.1,West,2022-12-21
6c75665d-5533-476d-af28-561f83d3d759,century,54,Furniture,671.57,East,2023-03-25
8fd70ea3-be3c-46e6-a37b-659bc9f6d673,cup,315,Furniture,374.14,East,2024-12-25
c954e25a-c9e5-43e1-98ad-e89302305eb3,write,238,Furniture,347.36,North,2022-08-12
e71d61ef-17de-4107-a9bb-ef17238e7c0b,safe,404,Electronics,618.92,North,2024-12-22
f1c957bb-be82-4204-9212-f6fa468b6ee8,individual,506,Clothing,977.45,East,2024-12-08
6544003d-ee9e-4de7-a5a9-8f1b58a4dd47,letter,640,Clothing,331.88,East,2022-04-14
f71edd46-d2a3-4054-bc16-5e7bf609c7d7,clearly,886,Groceries,813.32,South,2025-02-28
42eca0d0-3196-4c3c-9c35-745c165c9f4e,national,846,Groceries,798.07,West,2021-04-03
5dcdc4f4-8df7-42a0-b756-183674ed9af6,weight,306,Groceries,384.78,South,2022-03-21
176f7337-fd7a-4160-80f9-037e21817747,husband,889,Furniture,596.03,East,2024-01-30
84b94fd5-a184-45e3-b6af-ec2e989d1bf0,involve,282,Clothing,107.94,West,2020-02-08
02e31084-2bf3-4c8a-877d-8313a9ec3d81,brother,143,Electronics,66.43,East,2023-07-30
97a385c6-8ec9-484b-b8e0-fa3e753d43c2,treat,331,Furniture,232.8,West,2024-02-06
9e362267-2a11-4399-afa9-c0381690b135,what,736,Clothing,703.92,North,2021-10-16
7333a4fe-e6d7-46fa-8f97-13ab637b6686,successful,76,Electronics,546.16,North,2024-06-06
4daa6b3b-e9b5-47c2-b1ca-c5eb6b16a068,though,344,Groceries,231.15,West,2020-06-24
aaf4d554-1d25-4d27-a0b4-7a5a6d330955,get,785,Furniture,593.99,North,2023-02-26
6fad1976-dba4-400c-b4f4-3817b9a51025,country,726,Electronics,570.53,East,2023-07-16
c06a0f6d-bbbd-4db1-be39-1d527c30608b,pattern,410,Groceries,672.82,North,2021-11-02
f40437a0-da25-45d4-a3ee-8a285394a13c,painting,562,Electronics,827.04,East,2023-04-19
c766024f-b9bc-4f52-b351-eeecc0a1792d,someone,799,Clothing,397.84,East,2024-03-20
1fb9d43e-bb04-4d40-a11d-e5a2e2d8eefb,suggest,115,Furniture,528.19,East,2023-12-16
cb9eeabf-3923-4631-8c25-5bcfa8b91c5a,other,616,Electronics,344.59,North,2022-04-07
ee071f80-f433-4a97-931f-d7c23c1d9967,agent,445,Electronics,388.41,East,2023-10-08
a69fe727-fbb2-4e4e-ab29-0737286b7841,indicate,849,Groceries,209.55,North,2022-03-11
ea9875fa-2a64-4194-ab5f-a16aac22c720,within,555,Electronics,131.0,East,2023-02-12
4f930bfd-8f81-427c-a7c1-fe6e97e0a17a,where,574,Clothing,421.41,North,2022-06-17
47d88954-52e8-4312-a92a-73fd1b2b88bc,system,258,Clothing,157.59,East,2024-02-19
fa82168f-5471-41bd-abd2-4bc7568022ac,air,834,Clothing,855.02,East,2023-07-24
cfb7d063-1b82-46b5-9143-506b3db77957,peace,79,Clothing,456.89,West,2021-03-16
c3a26bb0-4966-421a-a7ba-003eb8bc5fd5,act,231,Furniture,930.57,North,2022-12-20
0fab7458-b58d-4e80-b3a5-9b79f7cbd99e,field,179,Electronics,601.35,North,2025-02-28
274ce50f-e079-4d0e-8efa-4d9e04779267,street,517,Electronics,547.72,North,2021-12-13
a4bf6d92-c3d7-400c-bf7b-e5040b8fec23,create,990,Electronics,647.08,West,2022-08-24
66825c05-675d-4eb8-9109-01d7821ee535,role,188,Clothing,988.54,East,2021-10-27
8abff2ea-51b6-4975-922e-b6595ec13c53,number,532,Electronics,523.31,South,2024-12-28
52849f80-e51b-4545-bb2a-d9a7b575e988,it,817,Furniture,77.31,East,2021-03-26
0c52c08a-28bd-42f5-9a91-3f2f68f4e0ee,though,846,Groceries,169.99,South,2022-05-20
76e96d73-7e71-417c-ac81-13c719d07a9d,even,145,Groceries,426.84,West,2022-05-02
41411f89-8a43-484f-b854-32e35440b31d,know,307,Groceries,792.84,East,2023-12-10
0097f783-99dc-48c5-b1dd-74ebda019032,later,100,Furniture,109.14,West,2024-03-13
d4a676f6-c090-471e-b150-005ae6fd490c,report,382,Furniture,432.08,West,2022-02-14
d49ba23d-5a80-4beb-b52e-eb8b06d334d1,claim,731,Furniture,335.99,West,2020-04-07
b612fa31-e69d-47af-83a0-a89cc4818add,will,840,Electronics,85.86,South,2024-11-29
ff5ec9a1-b3f1-459a-b1a3-110a0041b6f8,door,934,Furniture,804.01,South,2022-12-05
03307ffd-6a35-4394-9f7a-93e5907e8f2f,blue,278,Groceries,605.59,North,2024-11-24
4984811a-9d5a-4417-bb95-d6b59bfa9a66,source,264,Groceries,941.89,North,2022-11-14
bf9eae72-3669-4ab8-b0ff-f6bc39eddfb0,respond,775,Clothing,249.57,North,2023-02-20
fa8a43cf-82bc-460b-973b-225a71050e07,take,19,Furniture,951.51,West,2021-06-30
3a77980d-9dee-4c27-9477-f259b715600d,level,828,Furniture,596.49,North,2021-10-23
640c7aad-0321-4e7a-ab31-48958dc2675f,visit,510,Furniture,634.53,West,2022-10-13
c0888e45-9fcb-426f-9d03-066d001e1266,officer,738,Furniture,101.86,South,2020-02-19
be822f10-dcc7-4af1-9eca-3401c733b525,hospital,885,Clothing,330.8,South,2024-04-13
fe911ff2-df11-4d0b-b4f1-9a0a58317fb4,news,381,Furniture,905.61,North,2024-08-23
497d36bb-c43a-487b-8171-cec945bc2223,partner,726,Clothing,214.49,West,2021-05-24
54a89d6e-9da0-46c9-889b-9b4ad80f6dbf,store,148,Groceries,55.67,West,2023-07-16
8e0260b7-8ee9-4942-80f8-5b7cebc1e0e3,per,459,Furniture,893.78,West,2022-05-15
7bb3f261-cb43-4440-a41c-19d23a7d9eec,leg,719,Groceries,459.92,East,2020-11-15
f24ac849-6e9d-4394-9f4d-02090033cb62,age,99,Clothing,711.97,East,2022-01-10
de8d4313-88bc-46ee-b8c8-68fa78b7ac3c,official,403,Electronics,361.07,North,2022-07-23
16dacb55-a3c9-4649-b7a2-8504814e6eb1,painting,774,Furniture,101.9,South,2023-10-23
45e635b1-0f3e-43b4-96f6-1fc63a89ac8e,official,809,Clothing,552.94,South,2022-08-22
67f259e9-3f98-4165-93d7-a2b290639dd4,story,469,Electronics,255.24,West,2021-01-13
93321e70-d811-482e-92c1-bde253e976a2,option,396,Groceries,198.82,West,2024-01-29
8f31ab19-1ad8-49f3-b476-b954e975e15f,election,870,Electronics,949.28,East,2020-03-21
67895311-64b5-4d10-9a69-f6e8186b70c2,fall,622,Electronics,269.87,South,2021-12-23
f1e094d7-33af-4775-b7dd-c536912ab7b6,goal,846,Clothing,148.34,South,2025-03-09
fdac2e75-3248-4a6d-8d26-17f4ee84b774,support,934,Groceries,194.26,North,2021-09-05
51767975-91c8-41ea-ad87-2a440a649d0c,generation,827,Clothing,354.37,East,2022-10-02
32f39d1c-82e8-4be7-ac4d-8038c9ec162d,pretty,366,Furniture,935.24,North,2021-10-03
90dba627-ec73-46e6-8f5e-7b6ed36b4294,season,182,Clothing,50.78,West,2020-03-22
52c2fed3-8837-4230-91f0-393d328bf0e6,range,648,Electronics,289.59,West,2024-02-02
04f048cd-5c9a-46bf-ba31-0832ccce7847,imagine,663,Groceries,711.76,North,2022-07-15
62c09473-01eb-40c6-9758-127eb32c0375,full,375,Groceries,669.74,West,2020-11-06
f943391a-d25c-4a3a-94a4-90bbca43ea13,within,537,Electronics,985.12,East,2022-11-28
825d8789-ebb9-49c1-95f2-bcc3b3c2548c,would,68,Electronics,543.73,West,2022-01-26
2efec878-9acf-4545-8ce4-d39ff4f7c35a,live,278,Groceries,265.63,South,2024-12-25
4ef4879f-987f-4de0-8f8a-a4741373a90d,culture,968,Clothing,512.35,East,2025-04-21
b0455da4-e49b-4506-a351-27f8f2cc23b0,any,321,Clothing,697.86,West,2023-06-30
dc988fd9-1ca6-4968-988f-c38aef3531cf,guess,52,Electronics,545.39,East,2024-11-01
66f21b05-92ec-4cef-9cc2-9fd3fa22b486,remember,238,Electronics,793.22,South,2020-04-23
eff75aad-17b0-4252-9bef-6ed7fa14e306,argue,847,Groceries,322.61,East,2020-01-14
6d562abe-8033-48cc-9224-efc4830b4d8d,beyond,263,Furniture,954.1,South,2024-08-19
9e3f888b-5faf-4ada-8f5c-16b3824a6d9e,seek,283,Groceries,62.47,East,2022-05-16
01782b5d-d705-4c72-8e4d-a0e876e099c0,woman,996,Clothing,192.12,North,2022-11-27
e2c0af12-e7bf-4e22-a978-004a4f189b82,strong,465,Electronics,881.13,North,2023-09-22
f9c3b46a-081c-4e2f-8cba-2711df5e6750,mission,195,Furniture,664.97,West,2021-11-16
0854d106-dcbc-4916-8516-1799770fe237,friend,657,Clothing,731.62,West,2024-02-23
244842d4-0806-45bb-b33b-37e34326c3aa,could,411,Groceries,126.25,North,2021-03-19
1398e2cc-1a31-400e-ac48-5391b7baef05,occur,591,Furniture,307.59,South,2022-11-28
3ef737e1-6bae-4c89-94d3-df776f1aca52,skill,751,Furniture,151.17,North,2023-08-24
c2b4f371-d8a7-4590-a189-5202b29fcca8,catch,138,Electronics,44.26,South,2023-08-23
14eecaa3-3bb2-42af-b5bd-dfa520e5c727,peace,225,Electronics,839.22,North,2025-01-30
4a841d81-755e-41a6-b1cd-75512847cb1a,would,982,Furniture,795.15,West,2023-08-06
f5071b36-4a57-44f3-be38-71e301d40352,address,302,Clothing,324.37,South,2025-01-05
fd32b3c3-9657-4d45-ac14-0fe7399b9616,let,836,Groceries,86.29,North,2024-06-03
595b5cb0-290e-472e-84c4-c30a2a8101b8,let,991,Furniture,189.92,North,2023-02-21
45ff7c99-740a-4d97-992f-90dffe6b61a8,born,247,Clothing,788.42,North,2020-09-19
04dbdf2e-3e2d-4dba-929b-9c11134d55d2,daughter,802,Groceries,507.19,West,2022-05-03
b4b3da8c-e89f-4040-afaa-2e596fdf0c55,just,963,Groceries,41.81,East,2024-07-19
cd1af0a7-9955-4798-923c-3ea6e9e8d438,build,938,Furniture,729.05,North,2023-02-15
0657476a-437d-4e55-825a-d97cb0343862,region,786,Clothing,238.81,East,2021-11-27
26c62cdc-c967-4259-aded-b44ff2ac8e6c,until,4,Clothing,243.14,South,2025-01-13
e7c03fe7-22b4-4361-a738-92e0f834704a,attorney,425,Clothing,200.18,East,2022-12-21
14790166-f16d-43d7-bb34-6ceb57806747,market,550,Clothing,822.7,West,2024-04-26
32b3815c-b68a-436b-af50-58d482456d57,own,669,Electronics,923.85,West,2020-05-14
061a5401-d252-427d-b765-0d5f76a0bbc5,yeah,166,Groceries,859.92,East,2025-05-07
04a85393-810e-4409-9360-eae71a6ef099,especially,150,Furniture,81.23,South,2025-03-06
a4b1781b-640e-4fcc-8e95-7520ff1ca132,mission,631,Electronics,630.01,West,2021-03-05
a26057a0-32ba-48f1-bd6d-26f902346fdc,agree,151,Clothing,380.52,North,2021-07-09
d86d4a93-ee73-49d6-8159-d2eb9ba5ed46,key,98,Clothing,648.39,South,2025-01-08
c061b047-3adb-42d1-b464-f0d5e3b5b296,foreign,558,Furniture,799.22,West,2024-05-13
82db75d8-1677-4083-b437-73a652b68163,live,512,Furniture,196.8,East,2021-03-26
c840c551-52dc-4a18-8707-734033d34587,high,306,Furniture,763.73,North,2022-02-20
b0068c5e-2671-4cef-b233-40afed23171c,everybody,327,Clothing,976.01,East,2021-08-09
e9b55e80-17ba-4ed8-9e9b-7b17eb69ee1f,program,775,Clothing,13.97,North,2024-02-10
0160caec-fa2c-42a8-bd07-b89077876d79,action,41,Electronics,372.3,North,2020-05-14
a3f1b397-f8bf-4afd-96d5-3202b498553b,TV,122,Electronics,317.8,East,2023-01-14
f1582b89-63f1-46aa-94bd-c96c58a32a03,professor,69,Clothing,982.21,East,2025-04-15
48655c9a-88db-47a8-907b-44342bf6f166,your,481,Clothing,282.37,South,2022-02-12
2c67cac1-6b4b-4eb6-8af8-760639f3d0b4,involve,625,Clothing,824.66,West,2024-12-21
10089cc5-7541-4f3b-bdfb-3650b1c65efa,financial,226,Clothing,641.79,North,2023-05-14
37650246-cc47-4e2d-81ac-76e75ecf9d68,college,169,Electronics,93.13,North,2025-04-18
b902a744-7af5-464a-9a36-f792ab02baa9,serious,289,Electronics,19.22,East,2025-01-27
18bad54c-7e0c-48ad-9927-a2f0c6ddb734,whole,110,Groceries,719.24,South,2020-10-23
b42f82ea-a130-4135-9423-f3ec3ae5afe4,answer,188,Electronics,411.44,South,2023-11-14
ae279e10-4dc7-4682-a3d5-b289ea3354a5,these,554,Electronics,492.22,East,2021-11-16
